study_id,title,abstract,r2_sensing,r2_setting,r2_tasks,r2_model_families,r2_learning_regimes,r2_cross_site_test,r2_realtime_claim,notes
m875,An Automatic Recognition Method of Microseismic Signals Based on S Transformation and Improved Gaussian Mixture Model,,,,,,,,,
m163,Using machine learning approach for microseismic events recognition in underground excavations: Comparison of ten frequently-used models,,,,,,,,,
m181,Classification of clustered microseismic events in a coal mine using machine learning,,,,,,,,,
m1007,Research on the classification of complex noise-mixed microseismic events based on machine vision,,,,,,,,,
m704,Integrating surface and borehole sensing for accurate microseismic localization: A velocity-model-free deep learning approach,,,,,,,,,
m867,TwoStream-EQT: A microseismic phase picking model combining time and frequency domain inputs,,,,,,,,,
m628,Simultaneous Localization and Moment Tensor Inversion of Microseismic Events Using Convolutional Neural Network,,,,,,,,,
m988,Automatic Identification System for Rock Microseismic Signals Based on Signal Eigenvalues,,,,,,,,,
m653,A self-supervised GNN–Transformer framework for weak microseismic signal identification,,,,,,,,,
m582,Machine Learning Utilization for Waveform Denoising and Hypocenter Determination of Microseismic Event at Volcanic Geothermal Field,,,,,,,,,
m712,Laboratory-AE-driven wavelet-enhanced CNN for in-situ microseismic recognition,,,,,,,,,
m113,Automatic detection and classification of microseismic events from Super-Sauze landslide using convolutional neural networks,,,,,,,,,
m1138,Explainable AI for microseismic event detection,,,,,,,,,
m513,A multi-scale CNN-Transformer hybrid network for microseismic signal arrival picking: Model analysis and engineering application,,,,,,,,,
m751,Real-time multistation microseismic event detection via transfer learning of computer vision deep learning model,,,,,,,,,
m749,Real-Time Microseismic Event Location With Latent Diffusion Models,,,,,,,,,
m190,Development of microseismic monitoring system using deep learning P- and S-waves picker in geothermal fields,,,,,,,,,
m233,Uncovering the microseismic signals from noisy data for high-fidelity 3D source-location imaging using deep learning,,,,,,,,,
m250,Automatic Events Recognition in Low SNR Microseismic Signals of Coal Mine Based on Wavelet Scattering Transform and SVM,,,,,,,,,
m321,Automatic picking method of microseismic first arrival based on support vector machine based on particle swarm optimization,,,,,,,,,
m231,Time Series Segmentation Clustering: A New Method for S-Phase Picking in Microseismic Data,,,,,,,,,
m773,SFAN: Spatial-Feature Attention Network for Locating Microseismic Events in Deep Tunnels,,,,,,,,,
m431,"Detection and Monitoring of Mining-Induced Seismicity Based on Machine Learning and Template Matching: A Case Study from Dongchuan Copper Mine, China",,,,,,,,,
m349,Landslide-Induced Seismic Signal Clustering With Outlier Removal,,,,,,,,,
m436,DMLoc: Automatic Microseismic Locating Workflow Based on Deep Learning and Waveform Migration,,,,,,,,,
m672,DAS microseismic detection with insufficient training samples via deep learning based on robust feature-level consistency regularization,,,,,,,,,
m716,Low-energy microseismic event identification during TBM tunnelling at Beishan URL with a hybrid signal-processing and deep-learning framework,,,,,,,,,
m210,Microseismic event location using artificial neural networks,,,,,,,,,
m429,Deep transfer learning for P-wave arrival identification and automatic seismic source location in underground mines,,,,,,,,,
m425,Deep learning phase pickers: how well can existing models detect hydraulic-fracturing induced microseismicity from a borehole array?,,,,,,,,,
m674,Deep learning for distributed acoustic sensing-based microseismic candidate-window classification in enhanced geothermal systems: A comparative study of twelve architectures,,,,,,,,,
m212,Microseismic Signal Classification Based on Artificial Neural Networks,,,,,,,,,
m792,"When does array moveout help borehole phase picking? A leave-one-site-out, confound-free benchmark of array versus per-trace deep learning",,,,,,,,,
m53,Automatic recognition and classification of multi-channel microseismic waveform based on DCNN and SVM,,,,,,,,,
m898,AI-powered automatic detection of dynamic triggering of earthquake based on microseismic monitoring,,,,,,,,,
m84,Deep neural networks design and analysis for automatic phase pickers from three-component microseismic recordings,,,,,,,,,
m122,Discrimination of mining microseismic events and blasts using convolutional neural networks and original waveform,,,,,,,,,
m591,Microseismic signal processing and rockburst disaster identification: A multi-task deep learning and machine learning approach,,,,,,,,,
m455,Machine Learning‐Assisted Microearthquake Location Workflow for Monitoring the Newberry Enhanced Geothermal System,,,,,,,,,
m118,Convolutional neural networks for automated microseismic detection in downhole distributed acoustic sensing data and comparison to a surface geophone array,,,,,,,,,
m331,"Deep Learning-Based Microseismic Detection and Location Reveal the Seismic Characteristics and Causes in the Xiluodu Reservoir, China",,,,,,,,,
m810,A novel method for automatic identification of rock fracture signals in microseismic monitoring,,,,,,,,,
m720,"Machine Learning–Based Automatic Microseismic Event Detection During the 17 August 2015 Mw 4.6 Induced Earthquake Sequence in Northern Montney, British Columbia, Canada",,,,,,,,,
m502,Using Fuzzy C-Means Clustering to Determine First Arrival of Microseismic Recordings,,,,,,,,,
m277,Improved mine microseismic event recognition method combining neural network and transfer learning,,,,,,,,,
m757,Research on microseismic source localization method combining supervised machine learning and 3-dimensional ray tracing method,,,,,,,,,
m568,Improving microearthquake detection in the Val d’Agri region (Southern Italy) with deep learning,,,,,,,,,
m662,Argus: A Sparse-Label Machine-Learning Workflow for Passive DAS Seismic Catalogue Expansion in CO2 Storage Monitoring—Application to the CO2CRC Otway Stage 4 Dataset,,,,,,,,,
m1182,Research on automatic segmentation method of microseismic monitoring signal under low signal-to-noise ratio conditions,,,,,,,,,
m271,Ensemble and Self-supervised Learning for Improved Classification of Seismic Signals from the Åknes Rockslope,,,,,,,,,
m307,Using Convolution Neural Network Method to Detect Borehole Microseismic Events,,,,,,,,,
m636,The Impact of Preprocessing on DAS Micro-seismic Event Detection,,,,,,,,,
m369,Mine-Microseismic-Signal Recognition Based on Meta-learning,,,,,,,,,
m785,Two kinds of robustness are not the same: disentangling fault tolerance and low-SNR robustness in multi-domain event detection on real data,,,,,,,,,
m565,High-Precision Coal Mine Microseismic P-Wave Arrival Picking via Physics-Constrained Deep Learning,,,,,,,,,
m632,Spiking Neural Networks with Energy to Spike Encoding for Label-Free Detection in Distributed Acoustic Sensing,,,,,,,,,
m580,"Machine Learning for Micro-seismic Event Detection: A Comparative Study of Spiking, Graph and Convolution Neural Network on Distributed Acoustic Sensing Data",,,,,,,,,
m692,Fast Automatic Segmentation of Microseismic and Blasting Events without Labeled Data Using Sparse Graph Spectral Clustering,,,,,,,,,
m126,Explainable time–frequency convolutional neural network for microseismic waveform classification,,,,,,,,,
m388,Unsupervised Clustering of Microseismic Signals Using a Contrastive Learning Model,,,,,,,,,
m999,Location method of microseismic source and its engineering application: anisotropic velocity model and local optimization,,,,,,,,,
m322,Automatic Picking of Distributed Fiber Microseismic Events Based on Deep Learning,,,,,,,,,
m651,A novel transfer learning-enhanced BiLSTM-DCNN architecture for mine microseismic signal identification with small data set,,,,,,,,,
m81,Bayesian deep learning and uncertainty quantification applied to induced seismicity locations in the Groningen gas field in the Netherlands: What do we need for safe AI?,,,,,,,,,
m469,Microseismic source location using deep learning: A coal mine case study in China,,,,,,,,,
m98,Research on Microseismic Source Locations Based on Deep Reinforcement Learning,,,,,,,,,
m1301,Transfer learning using DAS for blasting event identification,,,,,,,,,
m195,Generalized neural network trained with a small amount of base samples: Application to event detection and phase picking in downhole microseismic monitoring,,,,,,,,,
m376,PSSegNet: Segmenting the P- and S-Phases in Microseismic Signals through Deep Learning,,,,,,,,,
m33,A Time Picking Method Based on Spectral Multimanifold Clustering in Microseismic Data,,,,,,,,,
