study_id,r1_I1,r1_I2,r1_R1,r1_R2,r1_E1,r1_E2,r1_O1,r1_O2,r1_O3,r1_O4
P1,Y,N,Y,Y,N,Y,N,Y,N,N
P2,N,Y,Y,Y,N,N,N,Y,N,N
P3,NA,NA,Y,S,N,Y,N,N,N,P
P5,Y,Y,Y,S,N,Y,N,N,N,Y
P6,N,Y,Y,Y,N,Y,N,N,N,Y
P7,N,N,Y,S,N,N,Y,N,N,Y
P9,N,Y,Y,Y,N,Y,Y,Y,N,Y
P13,Y,Y,Y,Y,P,Y,N,Y,N,P
P15,N,Y,Y,Y,N,N,N,Y,N,Y
P16,N,Y,Y,Y,N,Y,N,N,N,N
P18,Y,Y,Y,Y,Y,N,Y,Y,Y,N
P20,Y,Y,Y,Y,N,Y,N,N,N,P
P21,N,N,Y,S,N,Y,N,N,N,P
P22,NA,NA,Y,Y,N,Y,NA,NA,NA,P
P23,NA,NA,Y,S,N,Y,NA,NA,NA,N
P24,N,N,Y,Y,P,N,Y,Y,N,P
P26,Y,Y,Y,Y,P,N,Y,Y,N,Y
P28,N,Y,N,N,N,N,N,N,N,N
P29,Y,Y,Y,Y,P,Y,NA,NA,NA,Y
P31,N,Y,Y,Y,N,N,N,N,N,N
P32,Y,Y,Y,Y,P,Y,NA,NA,NA,P
P33,Y,Y,Y,Y,N,N,Y,Y,N,P
P34,N,N,Y,Y,N,N,NA,NA,NA,N
P36,Y,Y,Y,Y,N,N,Y,Y,N,P
P37,Y,Y,Y,Y,N,N,Y,Y,N,N
P38,Y,Y,Y,Y,P,Y,NA,NA,NA,Y
P39,Y,Y,Y,Y,P,N,NA,NA,NA,P
P40,N,Y,Y,S,N,Y,NA,NA,NA,P
P41,N,Y,Y,S,P,Y,N,Y,N,P
P42,Y,Y,Y,Y,P,N,NA,NA,NA,Y
P44,N,Y,Y,S,N,Y,Y,Y,N,Y
P45,Y,Y,Y,Y,N,N,Y,Y,N,N
P47,N,N,Y,N,N,Y,Y,N,N,N
P48,N,N,Y,Y,Y,N,Y,Y,N,N
P51,N,Y,Y,S,P,Y,N,Y,N,P
P52,N,N,Y,S,P,N,N,Y,N,N
P53,N,Y,Y,Y,N,N,N,N,N,N
P54,N,N,N,N,N,N,N,N,N,N
P55,Y,Y,Y,Y,N,Y,NA,NA,NA,Y
P56,Y,Y,Y,Y,Y,Y,N,N,N,N
P57,Y,Y,Y,Y,N,Y,N,Y,N,N
P58,NA,NA,Y,Y,Y,N,Y,N,N,N
P59,NA,NA,Y,Y,N,N,Y,N,N,N
P60,N,Y,Y,S,N,Y,NA,NA,NA,P
P63,NA,NA,Y,Y,N,Y,Y,N,Y,Y
P65,Y,Y,Y,Y,Y,N,Y,N,N,Y
P66,N,Y,Y,Y,N,N,Y,N,N,N
P67,N,Y,Y,Y,N,N,N,Y,N,N
P68,Y,Y,Y,S,P,Y,NA,NA,NA,P
P69,N,Y,Y,Y,N,N,Y,Y,Y,Y
P71,N,Y,Y,Y,N,Y,N,N,N,P
P73,N,Y,Y,Y,N,Y,NA,NA,NA,P
P74,Y,Y,Y,Y,N,Y,Y,Y,N,Y
P75,Y,Y,Y,Y,Y,N,N,Y,N,P
P77,Y,Y,Y,Y,P,N,NA,NA,NA,Y
P78,NA,NA,Y,S,N,Y,NA,NA,NA,N
P80,N,Y,Y,Y,N,Y,N,Y,N,P
P81,Y,Y,Y,Y,P,Y,N,Y,N,P
P82,Y,Y,Y,Y,N,Y,NA,NA,NA,P
