record_id,reviewer1_decision,why_sampled
m1443,Xs,stratified sample (25% of code Xs)
m575,Xs,stratified sample (25% of code Xs)
m895,Xs,stratified sample (25% of code Xs)
m5,Xs,stratified sample (25% of code Xs)
m708,Xs,stratified sample (25% of code Xs)
m201,Xs,stratified sample (25% of code Xs)
m629,Xs,stratified sample (25% of code Xs)
m974,Xs,stratified sample (25% of code Xs)
m1494,Xs,stratified sample (25% of code Xs)
m1457,Xs,stratified sample (25% of code Xs)
m356,Xs,stratified sample (25% of code Xs)
m1288,Xs,stratified sample (25% of code Xs)
m626,Xs,stratified sample (25% of code Xs)
m1372,Xs,stratified sample (25% of code Xs)
m1501,Xs,stratified sample (25% of code Xs)
m140,Xs,stratified sample (25% of code Xs)
m106,Xs,stratified sample (25% of code Xs)
m1264,Xs,stratified sample (25% of code Xs)
m420,Xs,stratified sample (25% of code Xs)
m108,Xs,stratified sample (25% of code Xs)
m1404,Xs,stratified sample (25% of code Xs)
m965,Xs,stratified sample (25% of code Xs)
m8,Xs,stratified sample (25% of code Xs)
m876,Xs,stratified sample (25% of code Xs)
m1294,Xs,stratified sample (25% of code Xs)
m1452,Xs,stratified sample (25% of code Xs)
m548,Xs,stratified sample (25% of code Xs)
m305,Xs,stratified sample (25% of code Xs)
m424,Xs,stratified sample (25% of code Xs)
m1248,Xs,stratified sample (25% of code Xs)
m1,Xs,stratified sample (25% of code Xs)
m180,Xs,stratified sample (25% of code Xs)
m590,Xs,stratified sample (25% of code Xs)
m202,Xs,stratified sample (25% of code Xs)
m627,Xs,stratified sample (25% of code Xs)
m246,Xs,stratified sample (25% of code Xs)
m314,Xs,stratified sample (25% of code Xs)
m228,Xs,stratified sample (25% of code Xs)
m557,Xs,stratified sample (25% of code Xs)
m367,Xs,stratified sample (25% of code Xs)
m1311,Xs,stratified sample (25% of code Xs)
m1101,Xs,stratified sample (25% of code Xs)
m1414,Xs,stratified sample (25% of code Xs)
m329,Xs,stratified sample (25% of code Xs)
m148,Xs,stratified sample (25% of code Xs)
m256,Xs,stratified sample (25% of code Xs)
m1421,Xs,stratified sample (25% of code Xs)
m1277,Xs,stratified sample (25% of code Xs)
m199,Xs,stratified sample (25% of code Xs)
m1095,Xs,stratified sample (25% of code Xs)
m1390,Xs,stratified sample (25% of code Xs)
m275,Xs,stratified sample (25% of code Xs)
m1091,Xs,stratified sample (25% of code Xs)
m379,Xs,stratified sample (25% of code Xs)
m41,Xs,stratified sample (25% of code Xs)
m447,Xt,stratified sample (25% of code Xt)
m1461,Xt,stratified sample (25% of code Xt)
m375,Xt,stratified sample (25% of code Xt)
m146,Xt,stratified sample (25% of code Xt)
m355,Xt,stratified sample (25% of code Xt)
m99,Xt,stratified sample (25% of code Xt)
m446,Xt,stratified sample (25% of code Xt)
m855,Xt,stratified sample (25% of code Xt)
m1486,Xt,stratified sample (25% of code Xt)
m1000,Xt,stratified sample (25% of code Xt)
m1394,Xt,stratified sample (25% of code Xt)
m545,Xt,stratified sample (25% of code Xt)
m88,Xt,stratified sample (25% of code Xt)
m1408,Xt,stratified sample (25% of code Xt)
m567,Xt,stratified sample (25% of code Xt)
m1362,Xt,stratified sample (25% of code Xt)
m1080,Xt,stratified sample (25% of code Xt)
m621,Xt,stratified sample (25% of code Xt)
m1283,Xt,stratified sample (25% of code Xt)
m1202,Xt,stratified sample (25% of code Xt)
m717,Xt,stratified sample (25% of code Xt)
m1083,Xt,stratified sample (25% of code Xt)
m551,Xt,stratified sample (25% of code Xt)
m1363,Xt,stratified sample (25% of code Xt)
m573,Xt,stratified sample (25% of code Xt)
m1366,Xt,stratified sample (25% of code Xt)
m742,Xt,stratified sample (25% of code Xt)
m1488,Xt,stratified sample (25% of code Xt)
m783,Xt,stratified sample (25% of code Xt)
m1025,Xt,stratified sample (25% of code Xt)
m776,Xt,stratified sample (25% of code Xt)
m521,Xt,stratified sample (25% of code Xt)
m1438,Xt,stratified sample (25% of code Xt)
m70,Xt,stratified sample (25% of code Xt)
m1345,Xt,stratified sample (25% of code Xt)
m560,Xt,stratified sample (25% of code Xt)
m630,Xt,stratified sample (25% of code Xt)
m812,Xt,stratified sample (25% of code Xt)
m947,Xt,stratified sample (25% of code Xt)
m1460,Xt,stratified sample (25% of code Xt)
m1382,Xt,stratified sample (25% of code Xt)
m1098,Xt,stratified sample (25% of code Xt)
m504,Xt,stratified sample (25% of code Xt)
m793,Xt,stratified sample (25% of code Xt)
m253,Xt,stratified sample (25% of code Xt)
m13,Xt,stratified sample (25% of code Xt)
m1491,Xt,stratified sample (25% of code Xt)
m421,Xt,stratified sample (25% of code Xt)
m16,Xt,stratified sample (25% of code Xt)
m563,Xt,stratified sample (25% of code Xt)
m977,Xt,stratified sample (25% of code Xt)
m1466,Xt,stratified sample (25% of code Xt)
m507,Xt,stratified sample (25% of code Xt)
m1232,Xt,stratified sample (25% of code Xt)
m1255,Xt,stratified sample (25% of code Xt)
m76,Xt,stratified sample (25% of code Xt)
m116,Xt,stratified sample (25% of code Xt)
m255,Xt,stratified sample (25% of code Xt)
m673,Xt,stratified sample (25% of code Xt)
m1300,Xt,stratified sample (25% of code Xt)
m245,Xt,stratified sample (25% of code Xt)
m335,Xt,stratified sample (25% of code Xt)
m1398,Xt,stratified sample (25% of code Xt)
m1306,Xt,stratified sample (25% of code Xt)
m2,Xt,stratified sample (25% of code Xt)
m1463,Xt,stratified sample (25% of code Xt)
m269,Xt,stratified sample (25% of code Xt)
m493,Xt,stratified sample (25% of code Xt)
m218,Xt,stratified sample (25% of code Xt)
m198,Xt,stratified sample (25% of code Xt)
m1105,Xt,stratified sample (25% of code Xt)
m1349,Xt,stratified sample (25% of code Xt)
m1031,Xt,stratified sample (25% of code Xt)
m48,Xt,stratified sample (25% of code Xt)
m1432,Xt,stratified sample (25% of code Xt)
m1102,Xt,stratified sample (25% of code Xt)
m746,Xt,stratified sample (25% of code Xt)
m998,Xt,stratified sample (25% of code Xt)
m686,Xt,stratified sample (25% of code Xt)
m1422,Xt,stratified sample (25% of code Xt)
m477,Xt,stratified sample (25% of code Xt)
m491,Xt,stratified sample (25% of code Xt)
m69,Xt,stratified sample (25% of code Xt)
m713,Xt,stratified sample (25% of code Xt)
m327,Xt,stratified sample (25% of code Xt)
m343,Xt,stratified sample (25% of code Xt)
m1481,Xt,stratified sample (25% of code Xt)
m544,Xt,stratified sample (25% of code Xt)
m903,Xt,stratified sample (25% of code Xt)
m1495,Xt,stratified sample (25% of code Xt)
m1454,Xt,stratified sample (25% of code Xt)
m177,Xt,stratified sample (25% of code Xt)
m1281,Xt,stratified sample (25% of code Xt)
m410,Xt,stratified sample (25% of code Xt)
m1355,Xt,stratified sample (25% of code Xt)
m462,Xt,stratified sample (25% of code Xt)
m479,Xt,stratified sample (25% of code Xt)
m1426,Xt,stratified sample (25% of code Xt)
m881,Xt,stratified sample (25% of code Xt)
m1356,Xt,stratified sample (25% of code Xt)
m552,Xt,stratified sample (25% of code Xt)
m423,Xt,stratified sample (25% of code Xt)
m441,Xt,stratified sample (25% of code Xt)
m1131,Xt,stratified sample (25% of code Xt)
m830,Xt,stratified sample (25% of code Xt)
m1418,Xt,stratified sample (25% of code Xt)
m296,Xt,stratified sample (25% of code Xt)
m50,Xt,stratified sample (25% of code Xt)
m848,Xt,stratified sample (25% of code Xt)
m631,Xt,stratified sample (25% of code Xt)
m230,Xt,stratified sample (25% of code Xt)
m1417,Xt,stratified sample (25% of code Xt)
m236,Xt,stratified sample (25% of code Xt)
m620,Xt,stratified sample (25% of code Xt)
m95,Xt,stratified sample (25% of code Xt)
m796,Xt,stratified sample (25% of code Xt)
m1332,Xt,stratified sample (25% of code Xt)
m1023,Xt,stratified sample (25% of code Xt)
m648,Xt,stratified sample (25% of code Xt)
m1450,Xt,stratified sample (25% of code Xt)
m885,Xt,stratified sample (25% of code Xt)
m943,Xt,stratified sample (25% of code Xt)
m1246,Xt,stratified sample (25% of code Xt)
m1395,Xt,stratified sample (25% of code Xt)
m721,Xt,stratified sample (25% of code Xt)
m303,Xt,stratified sample (25% of code Xt)
m886,Xt,stratified sample (25% of code Xt)
m252,Xt,stratified sample (25% of code Xt)
m694,Xt,stratified sample (25% of code Xt)
m797,Xn,stratified sample (25% of code Xn)
m907,Xn,stratified sample (25% of code Xn)
m870,Xn,stratified sample (25% of code Xn)
m731,Xn,stratified sample (25% of code Xn)
m1504,Xn,stratified sample (25% of code Xn)
m935,Xn,stratified sample (25% of code Xn)
m21,Xn,stratified sample (25% of code Xn)
m1049,Xn,stratified sample (25% of code Xn)
m1314,Xn,stratified sample (25% of code Xn)
m939,Xn,stratified sample (25% of code Xn)
m883,Xn,stratified sample (25% of code Xn)
m951,Xn,stratified sample (25% of code Xn)
m1064,Xn,stratified sample (25% of code Xn)
m990,Xn,stratified sample (25% of code Xn)
m1141,Xn,stratified sample (25% of code Xn)
m1149,Xn,stratified sample (25% of code Xn)
m859,Xn,stratified sample (25% of code Xn)
m100,Xn,stratified sample (25% of code Xn)
m956,Xn,stratified sample (25% of code Xn)
m270,Xn,stratified sample (25% of code Xn)
m268,Xn,stratified sample (25% of code Xn)
m1028,Xn,stratified sample (25% of code Xn)
m1169,Xn,stratified sample (25% of code Xn)
m822,Xn,stratified sample (25% of code Xn)
m941,Xn,stratified sample (25% of code Xn)
m1118,Xn,stratified sample (25% of code Xn)
m957,Xn,stratified sample (25% of code Xn)
m994,Xn,stratified sample (25% of code Xn)
m989,Xn,stratified sample (25% of code Xn)
m996,Xn,stratified sample (25% of code Xn)
m14,Xn,stratified sample (25% of code Xn)
m799,Xn,stratified sample (25% of code Xn)
m806,Xn,stratified sample (25% of code Xn)
m1070,Xn,stratified sample (25% of code Xn)
m1013,Xn,stratified sample (25% of code Xn)
m1078,Xn,stratified sample (25% of code Xn)
m873,Xn,stratified sample (25% of code Xn)
m1038,Xn,stratified sample (25% of code Xn)
m1014,Xn,stratified sample (25% of code Xn)
m1203,Xn,stratified sample (25% of code Xn)
m807,Xn,stratified sample (25% of code Xn)
m1213,Xn,stratified sample (25% of code Xn)
m1158,Xn,stratified sample (25% of code Xn)
m157,Xn,stratified sample (25% of code Xn)
m684,Xn,stratified sample (25% of code Xn)
m980,Xn,stratified sample (25% of code Xn)
m1008,Xn,stratified sample (25% of code Xn)
m1005,Xn,stratified sample (25% of code Xn)
m874,Xn,stratified sample (25% of code Xn)
m94,Xn,stratified sample (25% of code Xn)
m1485,Xn,stratified sample (25% of code Xn)
m1002,Xn,stratified sample (25% of code Xn)
m1130,Xn,stratified sample (25% of code Xn)
m743,Xn,stratified sample (25% of code Xn)
m842,Xn,stratified sample (25% of code Xn)
m854,Xn,stratified sample (25% of code Xn)
m938,Xn,stratified sample (25% of code Xn)
m816,Xn,stratified sample (25% of code Xn)
m61,Xp,stratified sample (25% of code Xp)
m925,Xp,stratified sample (25% of code Xp)
m1336,Xp,stratified sample (25% of code Xp)
m519,Xp,stratified sample (25% of code Xp)
m663,Xp,stratified sample (25% of code Xp)
m1295,Xp,stratified sample (25% of code Xp)
m345,Xp,stratified sample (25% of code Xp)
m1287,Xp,stratified sample (25% of code Xp)
m528,Xp,stratified sample (25% of code Xp)
m1407,Xp,stratified sample (25% of code Xp)
m1313,Xp,stratified sample (25% of code Xp)
m1304,Xp,stratified sample (25% of code Xp)
m1435,Xp,stratified sample (25% of code Xp)
m508,Xp,stratified sample (25% of code Xp)
m1180,Xp,stratified sample (25% of code Xp)
m134,Xp,stratified sample (25% of code Xp)
m524,Xp,stratified sample (25% of code Xp)
m196,I,stratified sample (25% of code I)
m923,I,stratified sample (25% of code I)
m322,I,stratified sample (25% of code I)
m592,I,stratified sample (25% of code I)
m439,I,stratified sample (25% of code I)
m293,I,stratified sample (25% of code I)
m265,I,stratified sample (25% of code I)
m200,I,stratified sample (25% of code I)
m214,I,stratified sample (25% of code I)
m131,I,stratified sample (25% of code I)
m33,I,stratified sample (25% of code I)
m307,I,stratified sample (25% of code I)
m181,I,stratified sample (25% of code I)
m875,I,stratified sample (25% of code I)
m283,I,stratified sample (25% of code I)
m250,I,stratified sample (25% of code I)
m1135,I,stratified sample (25% of code I)
m582,I,stratified sample (25% of code I)
m51,I,stratified sample (25% of code I)
m144,I,stratified sample (25% of code I)
m12,I,stratified sample (25% of code I)
m231,I,stratified sample (25% of code I)
m378,I,stratified sample (25% of code I)
m692,I,stratified sample (25% of code I)
m399,I,stratified sample (25% of code I)
m565,I,stratified sample (25% of code I)
m635,I,stratified sample (25% of code I)
m431,I,stratified sample (25% of code I)
m392,I,stratified sample (25% of code I)
m667,I,stratified sample (25% of code I)
m530,I,stratified sample (25% of code I)
m361,I,stratified sample (25% of code I)
m59,I,stratified sample (25% of code I)
m1029,I,stratified sample (25% of code I)
m1054,I,stratified sample (25% of code I)
m155,I,stratified sample (25% of code I)
m1182,I,stratified sample (25% of code I)
m770,I,stratified sample (25% of code I)
m702,I,stratified sample (25% of code I)
m732,I,stratified sample (25% of code I)
m347,I,stratified sample (25% of code I)
m720,I,stratified sample (25% of code I)
m320,I,stratified sample (25% of code I)
m120,I,stratified sample (25% of code I)
m239,I,stratified sample (25% of code I)
m849,I,stratified sample (25% of code I)
m223,I,stratified sample (25% of code I)
m444,I,stratified sample (25% of code I)
m750,I,stratified sample (25% of code I)
m160,I,stratified sample (25% of code I)
m452,I,stratified sample (25% of code I)
m119,I,stratified sample (25% of code I)
m665,I,stratified sample (25% of code I)
m653,I,stratified sample (25% of code I)
m318,I,stratified sample (25% of code I)
m757,I,stratified sample (25% of code I)
m690,I,stratified sample (25% of code I)
m429,I,stratified sample (25% of code I)
m556,I,stratified sample (25% of code I)
m191,I,stratified sample (25% of code I)
m330,I,stratified sample (25% of code I)
m593,I,stratified sample (25% of code I)
m787,I,stratified sample (25% of code I)
m884,I,stratified sample (25% of code I)
m988,I,stratified sample (25% of code I)
m632,I,stratified sample (25% of code I)
m714,I,stratified sample (25% of code I)
m205,I,stratified sample (25% of code I)
m425,I,stratified sample (25% of code I)
m685,I,stratified sample (25% of code I)
m594,I,stratified sample (25% of code I)
m53,I,stratified sample (25% of code I)
m700,I,stratified sample (25% of code I)
m241,I,stratified sample (25% of code I)
m1137,I,stratified sample (25% of code I)
m970,I,stratified sample (25% of code I)
m512,I,stratified sample (25% of code I)
m271,I,stratified sample (25% of code I)
m730,I,stratified sample (25% of code I)
m1212,I,stratified sample (25% of code I)
m494,I,stratified sample (25% of code I)
m334,I,stratified sample (25% of code I)
m1219,Xa,stratified sample (all of code Xa)
m1127,Xa,stratified sample (all of code Xa)
m1228,Xa,stratified sample (all of code Xa)
m1239,Xa,stratified sample (all of code Xa)
m503,Xa,stratified sample (all of code Xa)
m1027,Xa,stratified sample (all of code Xa)
m124,Xa,stratified sample (all of code Xa)
m1188,Xa,stratified sample (all of code Xa)
m1117,Xa,stratified sample (all of code Xa)
m1153,Xa,stratified sample (all of code Xa)
m1207,Xa,stratified sample (all of code Xa)
m1175,Xa,stratified sample (all of code Xa)
m1150,Xa,stratified sample (all of code Xa)
m1201,Xa,stratified sample (all of code Xa)
m915,Xa,stratified sample (all of code Xa)
m929,Xa,stratified sample (all of code Xa)
m976,Xa,stratified sample (all of code Xa)
m1224,Xa,stratified sample (all of code Xa)
m1120,Xa,stratified sample (all of code Xa)
m912,Xa,stratified sample (all of code Xa)
m1146,Xa,stratified sample (all of code Xa)
m25,Xa,stratified sample (all of code Xa)
m617,Xa,stratified sample (all of code Xa)
m820,Xa,stratified sample (all of code Xa)
m1251,Xa,stratified sample (all of code Xa)
m1139,Xa,stratified sample (all of code Xa)
m405,Xa,stratified sample (all of code Xa)
m570,Xa,stratified sample (all of code Xa)
m1069,Xa,stratified sample (all of code Xa)
m1195,Xa,stratified sample (all of code Xa)
m1171,Xa,stratified sample (all of code Xa)
m1221,Xa,stratified sample (all of code Xa)
m1110,Xa,stratified sample (all of code Xa)
m1128,Xa,stratified sample (all of code Xa)
m139,Xa,stratified sample (all of code Xa)
m579,Xa,stratified sample (all of code Xa)
m284,Xa,stratified sample (all of code Xa)
m652,Xd,stratified sample (25% of code Xd)
m1302,Xd,stratified sample (25% of code Xd)
m121,Xd,stratified sample (25% of code Xd)
m586,Xd,stratified sample (25% of code Xd)
m466,Xd,stratified sample (25% of code Xd)
m510,Xd,stratified sample (25% of code Xd)
m203,Xd,stratified sample (25% of code Xd)
m85,Xd,stratified sample (25% of code Xd)
m172,Xd,stratified sample (25% of code Xd)
m182,Xd,stratified sample (25% of code Xd)
m248,Xd,stratified sample (25% of code Xd)
m29,Xd,stratified sample (25% of code Xd)
m426,Xd,stratified sample (25% of code Xd)
m485,Xr,stratified sample (all of code Xr)
m52,Xr,stratified sample (all of code Xr)
m194,Xr,stratified sample (all of code Xr)
m916,Xr,stratified sample (all of code Xr)
m295,Xl,stratified sample (all of code Xl)
m58,Xl,stratified sample (all of code Xl)
m744,Xl,stratified sample (all of code Xl)
m659,Xl,stratified sample (all of code Xl)
m87,Xl,stratified sample (all of code Xl)
m294,Xl,stratified sample (all of code Xl)
m289,Xl,stratified sample (all of code Xl)
m1145,Xl,stratified sample (all of code Xl)
m1100,Xm,stratified sample (all of code Xm)
m1415,Xm,stratified sample (all of code Xm)
m795,Xm,stratified sample (all of code Xm)
m164,Xm,stratified sample (all of code Xm)
m864,Xm,stratified sample (all of code Xm)
m1234,Xm,stratified sample (all of code Xm)
m794,Xm,stratified sample (all of code Xm)
m961,Xm,stratified sample (all of code Xm)
m1208,Xm,stratified sample (all of code Xm)
m1502,Xm,stratified sample (all of code Xm)
m1231,Xm,stratified sample (all of code Xm)
m991,Xm,stratified sample (all of code Xm)
m1253,Xm,stratified sample (all of code Xm)
m1072,Xm,stratified sample (all of code Xm)
m1370,Xm,stratified sample (all of code Xm)
m847,Xm,stratified sample (all of code Xm)
m978,Xm,stratified sample (all of code Xm)
m1092,Xm,stratified sample (all of code Xm)
m856,Xm,stratified sample (all of code Xm)
m701,Xm,stratified sample (all of code Xm)
m1241,Xm,stratified sample (all of code Xm)
m1085,Xm,stratified sample (all of code Xm)
m784,Xm,stratified sample (all of code Xm)
m1104,Xm,stratified sample (all of code Xm)
m1012,Xm,stratified sample (all of code Xm)
m979,Xm,stratified sample (all of code Xm)
m838,Xm,stratified sample (all of code Xm)
m1043,Xm,stratified sample (all of code Xm)
m931,Xm,stratified sample (all of code Xm)
m500,Xm,stratified sample (all of code Xm)
m1249,Xm,stratified sample (all of code Xm)
m1097,Xm,stratified sample (all of code Xm)
m1258,Xm,stratified sample (all of code Xm)
m1185,Xm,stratified sample (all of code Xm)
m1099,Xm,stratified sample (all of code Xm)
m1434,Xm,stratified sample (all of code Xm)
m1039,Xm,stratified sample (all of code Xm)
m927,Xm,stratified sample (all of code Xm)
m1161,Xm,stratified sample (all of code Xm)
m897,Xm,stratified sample (all of code Xm)
m611,Xm,stratified sample (all of code Xm)
m1374,Xm,stratified sample (all of code Xm)
m352,Xm,stratified sample (all of code Xm)
m1209,Xm,stratified sample (all of code Xm)
m1242,Xm,stratified sample (all of code Xm)
m1235,Xm,stratified sample (all of code Xm)
m1256,Xm,stratified sample (all of code Xm)
m1111,Xm,stratified sample (all of code Xm)
m1114,Xm,stratified sample (all of code Xm)
m393,XdB,stratified sample (25% of code XdB)
m681,Xpend,stratified sample (all of code Xpend)
m580,I,study by members of the review team
m674,I,study by members of the review team
