record_id,title,year,venue,doi,abstract,reviewer2_decision,reviewer2_reason,notes
m231,Time Series Segmentation Clustering: A New Method for S-Phase Picking in Microseismic Data,2021,IEEE Geoscience and Remote Sensing Letters,10.1109/lgrs.2021.3098809,,,,
m1025,"Microseismic Analysis to Identify Stress Redistribution and Minimize Rockburst in DMLZ Cave Abutment, PT Freeport Indonesia",2019,5th ISRM Young Scholars' Symposium on Rock Mechanics and International Symposium on Rock Engineering for Innovative Future,,,,,
m1404,A Novel Pressure Relief Hole Recognition Method of Drilling Robot Based on SinGAN and Improved Faster R-CNN,2022,Applied Sciences,10.3390/app13010513,,,,
m131,Identifying microseismic events in a mining scenario using a convolutional neural network,2020,Computers & Geosciences,10.1016/j.cageo.2020.104418,,,,
m635,TFA-ProtoNet: Few-Shot Microseismic Signal Classification Network,2025,,10.1109/igarss55030.2025.11242652,,,,
m1251,MAPPING SUBSURFACE LINEAMENTS AND PRESENT-DAY STRESSES IN SOUTHERN KANSAS: A NEW APPROACH FOR IDENTIFYING AREAS AT RISK FOR INJECTION-INDUCED SEISMICITY,2016,Abstracts with programs - Geological Society of America,10.1130/abs/2016am-285652,,,,
m579,Machine Learning Approaches to Predicting Induced Seismicity and Imaging Geothermal Reservoir Properties,2025,,10.2172/2563534,,,,
m1012,Identification and prediction method for acoustic emission and electromagnetic radiation signals of rock burst based on deep learning,2024,Physics of Fluids,10.1063/5.0219409,,,,
m431,"Detection and Monitoring of Mining-Induced Seismicity Based on Machine Learning and Template Matching: A Case Study from Dongchuan Copper Mine, China",2024,Sensors,10.3390/s24227312,,,,
m218,Raton Basin induced seismicity is hosted by networks of short basement faults and mimics tectonic earthquake statistics,2021,,10.1002/essoar.10507748.1,,,,
m1234,Detecting 2D mining-induced displacement in the West Mountain of Beijing using Time-series InSAR,2026,SSRN Electronic Journal,10.2139/ssrn.6466326,,,,
m139,Machin Learning Applications for Acoustic Emission and Induced Seismic Data.,2020,,10.2172/1830919,,,,
m1080,"Combining deep neural network and spatio-temporal clustering to automatically assess rockburst and seismic hazard – Case study from Marcel coal mine in Upper Silesian Basin, Poland",2024,Computers & Geosciences,10.1016/j.cageo.2024.105709,,,,
m1258,Two-Step Phase Unwrapping Coupled With Facet Kernel for Mining-Induced 3-D Displacements Retrieval From Dual InSAR Geometries,2025,IEEE Journal of Selected Topics in Applied Earth Observations and Remote Sensing,10.1109/jstars.2025.3580685,,,,
m1435,"Artificial Intelligence Algorithms in Tunnel Construction Risk Management: A Review of Research Trends, Application Scenarios and Bottlenecks",2026,Buildings,10.3390/buildings16122446,,,,
m1070,A Method for Coal Mine Seismic Network Detection Capability Calculation Based on Energy,2024,Rock Mechanics and Rock Engineering,10.1007/s00603-024-04164-2,,,,
m524,An overview of recent advances in geothermal energy utilization from traditional applications to low-carbon hybrid systems,2025,Energy 360.,10.1016/j.energ.2025.100054,,,,
m1281,Unsupervised Deep Learning for DAS-VSP Denoising Using Attention-Based Deep Image Prior,2025,IEEE Transactions on Geoscience and Remote Sensing,10.1109/tgrs.2025.3533597,,,,
m200,Integrated processing method for microseismic signal based on deep neural network,2021,Geophysical Journal International,10.1093/gji/ggab099,,,,
m870,Identification methods for anomalous stress region in coal roadways based on microseismic information and numerical simulation,2017,International Journal of Mining Science and Technology,10.1016/j.ijmst.2017.03.026,,,,
m510,A Latent Diffusion Model-Based Imaging Condition for Microseismic Event Location,2025,,10.3997/2214-4609.202510085,,,,
m512,A Microseismic Phase Picking and Polarity Determination Model Based on the Earthquake Transformer,2025,Applied Sciences,10.3390/app15073424,,,,
m493,Spatiotemporal Clustering of Microseismic Signals in Mining Areas,2024,SSRN Electronic Journal,10.2139/ssrn.4972113,,,,
m447,Impact of climatic anomalies and reservoir induced seismicity on earthquake generation using Federated Learning,2024,VFAST Transactions on Software Engineering,10.21015/vtse.v12i1.1729,,,,
m1463,A new method of rockburst prediction for imbalanced data categories using an improved XGBoost algorithm with enhanced interpretability,2025,Intelligent Transportation Infrastructure,10.1093/iti/liaf032,,,,
m519,"A Systematic and Comprehensive Review on the Application of the Distributed Acoustic Sensing Data in Subsurface Application: Methodologies, Deep Learning Approaches, and Future Prospects",2025,IEEE Access,10.1109/access.2025.3627765,,,,
m33,A Time Picking Method Based on Spectral Multimanifold Clustering in Microseismic Data,2017,IEEE Geoscience and Remote Sensing Letters,10.1109/lgrs.2017.2705703,,,,
m241,A novel microseismic classification model based on bimodal neurons in an artificial neural network,2022,Tunnelling and Underground Space Technology,10.1016/j.tust.2022.104791,,,,
m477,Prediction of time-energy-location of microseismic events induced by deep coal-energy mining: Deep learning approach,2024,Journal of Rock Mechanics and Geotechnical Engineering,10.1016/j.jrmge.2024.03.023,,,,
m8,3D Analysis of Thermo-poroelastic Processes on Fracture Network Deformation and Induced Micro-Seismicity Potential in EGS,2016,50th U.S. Rock Mechanics/Geomechanics Symposium,,,,,
m957,A migration-based location method using improved waveform stacking for microseismic events in a borehole system,2020,Acta Geophysica,10.1007/s11600-020-00488-z,,,,
m988,Automatic Identification System for Rock Microseismic Signals Based on Signal Eigenvalues,2023,Applied Sciences,10.3390/app13042619,,,,
m283,Machine learning applications for event detection and phase arrival time estimation of microseismic waveform data at a CO2 injection site.,2022,,10.2172/2006232,,,,
m426,Deep Learning Phase Pickers: How Well Can Existing Models Detect Hydraulic-Fracturing Induced Microseismicity from a Borehole Array?,2024,,10.22541/essoar.170914509.92208553/v1,,,,
m530,Assessing Neural Operators for Microseismic Source Localization,2025,,10.3997/2214-4609.202521215,,,,
m1110,"Waveform features and automatic discrimination of deep and shallow microearthquakes in the Changning shale gas field, Southern Sichuan Basin, China",2025,Journal of Applied Geophysics,10.1016/j.jappgeo.2025.105850,,,,
m307,Using Convolution Neural Network Method to Detect Borehole Microseismic Events,2022,83rd EAGE Annual Conference &amp; Exhibition,10.3997/2214-4609.202210058,,,,
m961,Automated extraction of mining‐induced ground fissures using deep learning and object‐based image classification,2024,Earth Surface Processes and Landforms,10.1002/esp.5824,,,,
m797,An arrival time picker for microseismic rock fracturing waveforms and its quality control for automatic localization in tunnels,2021,Computers and Geotechnics,10.1016/j.compgeo.2021.104175,,,,
m915,Feature extraction and classification for induced microseismic signals during hydraulic fracturing: Implication for coalbed methane reservoir stimulation,2024,International Journal of Rock Mechanics and Mining Sciences,10.1016/j.ijrmms.2024.106010,,,,
m1031,Bagged Ensemble of Gaussian Process Classifiers for Assessing Rockburst Damage Potential with an Imbalanced Dataset,2022,Mathematics,10.3390/math10183382,,,,
m1069,Energy identification for microseismic and blasting vibration in rock mass within close range,2016,,,,,,
m1111,Visual detection of drilling robot position for rockburst prevention in mining processing by a new image dehazing method,2024,The International Journal of Advanced Manufacturing Technology,10.1007/s00170-024-14627-z,,,,
m674,Deep learning for distributed acoustic sensing-based microseismic candidate-window classification in enhanced geothermal systems: A comparative study of twelve architectures,2026,Engineering Applications of Artificial Intelligence,10.1016/j.engappai.2026.115622,,,,
m1460,Bayesian-Optimized Machine Learning Framework with SHAP Interpretation for Rockburst Intensity Prediction in Deep Underground Engineering,2026,Processes,10.3390/pr14152450,,,,
m1313,Active-Source Environmental Seismology,2026,Seismological Research Letters,10.1785/0220260046,,,,
m1224,USING EARTHQUAKE CATALOGS AND GEOLOGIC DATA TO ASSIST WITH CHARACTERIZING INDUCED SEISMICITY POTENTIAL FROM CCUS,2023,Abstracts with programs - Geological Society of America,10.1130/abs/2023am-394536,,,,
m730,Microseismic source localization and application based on the attention-based deep feedforward neural network model,2026,Engineering Applications of Artificial Intelligence,10.1016/j.engappai.2026.114982,,,,
m271,Ensemble and Self-supervised Learning for Improved Classification of Seismic Signals from the Åknes Rockslope,2022,Mathematical Geosciences,10.1007/s11004-022-10037-7,,,,
m544,Deep Learning Reveals Precursory Patterns in Rockslide Microseismicity,2025,,10.22541/essoar.175370222.23288892/v1,,,,
m491,Signal Enhancement for Downhole Microseismic Data Using Improved Attention Mechanism Based on Autoencoder Network,2024,IEEE Access,10.1109/access.2024.3483196,,,,
m842,An efficient GPU implementation for locating micro-seismic sources using 3D elastic wave time-reversal imaging,2015,Computers & Geosciences,10.1016/j.cageo.2015.05.008,,,,
m303,Study on Denoising Microseismic Signal Based on Autoencoder Convolutional Neural Networks,2022,International Journal of Geo-Energy,10.58531/ijge10310001,,,,
m702,Increasing the noise immunity of microseismic events detection in DAS data based on a hybrid approach of MLE and the U-Net model,2026,Journal of Radio Electronics,10.30898/1684-1719.2026.7.8,,,,
m1078,Microseismic Event Localization via Least-squares Full Waveform Inversion with Group Sparsity Constraints,2017,Proceedings,10.3997/2214-4609.201701261,,,,
m1488,A frame-difference-aware rockburst early warning method based on the spatiotemporal distribution of microseismicity in deep mines,2026,Environmental Research,10.1016/j.envres.2026.124830,,,,
m1054,Automated microseismic classification in deep coal seams: Application to stress redistribution and fault reactivation in the Dongtan coal mine,2026,Journal of Applied Geophysics,10.1016/j.jappgeo.2026.106093,,,,
m659,An Integrated Platform for Interactive Analysis and Automated Processing of Microseismic Signals,2026,Mine Engineering,10.12677/me.2026.142029,,,,
m172,Accelerating Bayesian microseismic event location with deep learning,2021,,10.5194/se-2021-24,,,,
m560,Fault-Slip Type Mining-Induced Seismicity: Insights from Cluster and Earthquake Interactions,2025,Rock Mechanics and Rock Engineering,10.1007/s00603-025-05072-9,,,,
m943,Classification and evaluation for stimulated reservoir volume (SRV) estimation models using microseismic events based on three typical grid structures,2022,Journal of Petroleum Science and Engineering,10.1016/j.petrol.2022.110169,,,,
m897,Identification of mining induced ground fissures using UAV and infrared thermal imager: Temperature variation and fissure evolution,2021,ISPRS Journal of Photogrammetry and Remote Sensing,10.1016/j.isprsjprs.2021.08.005,,,,
m270,Effectiveness of dip-in DAS observations for low-frequency strain and microseismic analysis: The CanDiD experiment,2022,,10.1190/image2022-3745367.1,,,,
m1185,Design and Fabrication of a Multi-Spring Large-Mass MEMS Accelerometer for Microseismic Detection in Geological Exploration,2026,,10.1109/nems69704.2026.11633771,,,,
m1288,Strategic-cum-Domestic vehicular movement detection through Deep Learning approach using designed Fiber-Optic distributed vibration sensor,2022,2022 IEEE 7th International conference for Convergence in Technology (I2CT),10.1109/i2ct54291.2022.9824045,,,,
m1300,"Illuminating the Subsurface by using DAS, Machine-Learning and Crosswell Seismic Tomography",2026,,10.3997/2214-4609.202636004,,,,
m1232,Static Load Detection and Comprehensive Prevention Technology of Rock Burst for Deep Shaft Section Coal Pillar,2019,,,,,,
m429,Deep transfer learning for P-wave arrival identification and automatic seismic source location in underground mines,2024,International Journal of Rock Mechanics and Mining Sciences,10.1016/j.ijrmms.2024.105888,,,,
m1099,Coal-rock drilling states recognition of drilling robot for rockburst prevention based on multi-sensor information fusion,2023,Journal of Engineering Research,10.1016/j.jer.2023.08.004,,,,
m631,Spatiotemporal Diffusion Variability of Injection-Induced Seismicity in Enhanced Geothermal Systems,2025,Pure and Applied Geophysics,10.1007/s00024-025-03680-8,,,,
m228,"Tidal Triggering of Microseismicity at the Equatorial Mid-Atlantic Ridge, Inferred from OBS Network",2021,,10.1002/essoar.10506812.1,,,,
m956,Advantages of Probabilistic Approach to Microseismic Events Location - A Case Study from Northern Poland,2016,78th EAGE Conference and Exhibition 2016,10.3997/2214-4609.201600909,,,,
m85,Detecting microseismic events in downhole distributed acoustic sensing data using convolutional neural networks,2019,,10.1190/segam2019-3214863.1,,,,
m399,A novel identification method of microseismic events based on empirical mode decomposition and artificial neural network features,2024,Journal of Applied Geophysics,10.1016/j.jappgeo.2024.105329,,,,
m665,Attn-Loc: Deep Learning for Microseismic Event Location via Transformer Encoder,2026,Seismological Research Letters,10.1785/0220250416,,,,
m557,"Evolution of fracture network, permeability and induced seismicity during fatigue hydraulic fracturing",2025,International Journal of Rock Mechanics and Mining Sciences,10.1016/j.ijrmms.2025.106297,,,,
m1146,Microseismic event identification method based on multi-channel,2019,,,,,,
m87,Discrimination of shallow and deep induced-microearthquakes based on autoencoder network,2019,Progress in geophysics,10.6038/pg2018bb0607,,,,
m1374,Method for EMR and AE interference signal identification in coal rock mining based on recurrent neural networks,2021,Earth Science Informatics,10.1007/s12145-021-00658-7,,,,
m148,On finding possible frequencies for recognizing microearthquakes at Cotopaxi volcano: A machine learning based approach,2020,Journal of Volcanology and Geothermal Research,10.1016/j.jvolgeores.2020.107092,,,,
m916,RETRACTED ARTICLE: Research on the Initial Arrival Recognition and Judgment Method of Microseismic Signals Based on PELT,2024,Pure and Applied Geophysics,10.1007/s00024-024-03537-6,,,,
m1349,Short-Term Rockburst Damage Assessment in Burst-Prone Mines: An Explainable XGBOOST Hybrid Model with SCSO Algorithm,2023,Rock Mechanics and Rock Engineering,10.1007/s00603-023-03522-w,,,,
m1104,"Mining Induced LULC Change Detection Study Using Landsat Satellite Data in Joda-Barbil Region of Kenojhar District, Odisha, India",2017,International Journal of Earth Sciences and Engineering,10.21276/ijee.2017.10.0214,,,,
m620,Research on Pre-Monitory and Early Warning Methods of Rock Mass Failure in Undersea Gold Mine Based on Micro-Seismic Monitoring,2025,Mining Metallurgy & Exploration,10.1007/s42461-025-01380-4,,,,
m284,Machine Learning Applications for Induced Seismic Data Analysis at Illinois Basin Decatur Project Site.,2022,,10.2172/2002380,,,,
m731,Microseismic source localization method based on ABC-CS improved fusion algorithm,2026,Acta Geophysica,10.1007/s11600-026-01843-2,,,,
m927,Detecting mining-induced ground deformation and associated hazards using spaceborne InSAR techniques,2017,Geomatics Natural Hazards and Risk,10.1080/19475705.2017.1415229,,,,
m573,Intelligent rockburst early warning method based on multi-index analysis of microseismic monitoring data,2025,Geomechanics and Geoengineering,10.1080/17486025.2025.2584117,,,,
m1145,Adaptive first-arrival picking method for microseismic signals in mines by integrating energy dissipation features and multi-scale complexity,2026,Chinese journal of rock mechanics and engineering,10.3724/1000-6915.jrme.2025.0792,,,,
m885,Classifying rockburst with confidence: A novel conformal prediction approach,2024,International Journal of Mining Science and Technology,10.1016/j.ijmst.2023.12.005,,,,
m119,Deep Convolutional Neural Network for Microseismic Signal Detection and Classification,2020,Pure and Applied Geophysics,10.1007/s00024-020-02617-7,,,,
m621,Research on residual attention-based mechanism autoencoder for microseismic denoising network model,2025,Mechanical Systems and Signal Processing,10.1016/j.ymssp.2025.113276,,,,
m816,Microseismic event location using global optimization algorithms: An integrated and automated workflow,2017,Journal of Applied Geophysics,10.1016/j.jappgeo.2017.12.004,,,,
m99,Scaling properties and anomalous diffusion of the Florina micro-seismic activity: Fluid driven?,2019,Geomechanics for Energy and the Environment,10.1016/j.gete.2019.100155,,,,
m198,Identifying geological structures through microseismic cluster and burst analyses complementing active seismic interpretation,2021,Tectonophysics,10.1016/j.tecto.2021.229107,,,,
m53,Automatic recognition and classification of multi-channel microseismic waveform based on DCNN and SVM,2018,Computers & Geosciences,10.1016/j.cageo.2018.10.008,,,,
m1491,A Method for Evaluating the Data Integrity of Microseismic Monitoring Systems in Mines Based on a Gradient Boosting Algorithm,2024,Mathematics,10.3390/math12121902,,,,
m352,Machine Learning Reveals Additional Hydraulic Fracture‐Induced Seismicity in the Eagle Ford Shale,2023,Journal of Geophysical Research Solid Earth,10.1029/2022jb025436,,,,
m1504,High-resolution temporal variations in rock elasticity at kiruna mine (block #30 to #34) using full 4D passive seismic tomography,2025,Journal of Seismology,10.1007/s10950-025-10308-w,,,,
m52,Automatic microseismic-event detection via supervised machine learning,2018,,10.1190/segam2018-2998279.1,,,,
m1102,A comprehensive method for risk assessment and intensity classification of rockburst induced by loading and unloading based on its entire process modelling,2025,International Journal of Rock Mechanics and Mining Sciences,10.1016/j.ijrmms.2025.106322,,,,
m1501,Spatiotemporal Evolution of the Failure Process of Sandstone Monitored Using Multi-Point Fiber Bragg Grating,2025,Applied Sciences,10.3390/app15189869,,,,
m1295,Deep Learning and Fiber-Optic Sensing for Earthquake Monitoring and Subsurface Imaging,2026,,10.56952/arma-2026-0783,,,,
m1,Dynamic rupture modeling of injection-induced seismicity: Influence of pressure diffusion below porous aquifers,2015,TNO Repository,,,,,
m991,Detection of hidden mining-induced ground fissures via unmanned aerial vehicle infrared system and ground-penetrating radar,2022,International Journal of Rock Mechanics and Mining Sciences,10.1016/j.ijrmms.2022.105254,,,,
m1382,Intelligent prediction of rockburst based on Copula-MC oversampling architecture,2022,Bulletin of Engineering Geology and the Environment,10.1007/s10064-022-02659-2,,,,
m121,Deep Neural Network for Real-Time Location and Moment Tensor Inversion of Borehole Microseismic Events Induced by Hydraulic Fracturing (Russian),2020,SPE Russian Petroleum Technology Conference,10.2118/201925-ru,,,,
m1414,One-Class Support Vector Machine with Particle Swarm Optimization for Geo-Acoustic Anomaly Detection,2021,"2021 17th International Conference on Mobility, Sensing and Networking (MSN)",10.1109/msn53354.2021.00066,,,,
m1418,Relationship between rock brittleness and rockburst early warning time,2025,International Journal of Rock Mechanics and Mining Sciences,10.1016/j.ijrmms.2025.106305,,,,
m1008,Bayesian Microseismic Localization Method Based on the Maximum Entropy Hamiltonian Monte Carlo Markov Chain Approach,2024,Rock Mechanics and Rock Engineering,10.1007/s00603-024-04305-7,,,,
m452,LGF SeismoLocator: A Deep Learning Model for Precision Microseismic Event Localization in Coal Mines,2024,Rock Mechanics and Rock Engineering,10.1007/s00603-024-04115-x,,,,
m1434,Intelligent recognition of electromagnetic radiation precursory signals of rock fracture based on random forest-adaptive boosting,2025,Physics of Fluids,10.1063/5.0266974,,,,
m629,SoundRate: Distributed Acoustic Sensing for Autonomous Flow Allocation via Unsupervised Learning,2025,,10.2118/229597-ms,,,,
m95,Microseismic Denoising and Reconstruction by Unsupervised Machine Learning,2019,IEEE Geoscience and Remote Sensing Letters,10.1109/lgrs.2019.2943851,,,,
m1356,Short-term rockburst risk prediction using ensemble learning methods,2020,Natural Hazards,10.1007/s11069-020-04255-7,,,,
m1466,A Kind of Prediction Based on SOM Neural Clustering and Combination Weighting Evaluation Method,2021,Companion Proceedings of the Web Conference 2021,10.1145/3442442.3451145,,,,
m667,Automatic downhole microseismic event location with an attention‑enhanced fully convolutional neural network,2026,Annals of Geophysics,10.4401/ag-9513,,,,
m787,U‐PINO: A U‐Shaped Physics‐Informed Neural Operator for DAS Microseismic Source Localization With Application to FORGE DAS Data,2026,Geophysical Prospecting,10.1111/1365-2478.70190,,,,
m405,An integrated deep learning approach for estimating the source locations of microseismicity at the Illinois Basin-Decatur Project site,2024,,10.2172/3001157,,,,
m1249,Research on UAV Aerial Imagery Detection Algorithm for Mining-Induced Surface Cracks Based on Improved YOLOv10,2025,Research Square,10.21203/rs.3.rs-6534316/v1,,,,
m410,Applying machine learning approach in predicting short-term rockburst risks using microseismic information: a comparison of parametric and non-parametric models,2024,Natural Hazards,10.1007/s11069-024-06794-9,,,,
m1221,Construction of a Microseismic Event Catalog Based on Short-Period Observations at Jingzhou-Santai Station and Analysis of Its Seismic Activity and Burstiness Characteristics—A Case Study of the Shendichuanke 1 Well,2026,Mine Engineering,10.12677/me.2026.142038,,,,
m690,Exploring wavefield-based location imaging in heterogeneous media: A borehole DAS example,2026,The Leading Edge,10.1190/tle-2025-1020,,,,
m236,A data-driven artificial neural network model for the prediction of ground motion from induced seismicity: The case of The Geysers geothermal field,2022,Frontiers in Earth Science,10.3389/feart.2022.917608,,,,
m1120,Study on Automatic Arrival Time Picking Method for Microseismic Signals with Controlled Accuracy,2025,SSRN Electronic Journal,10.2139/ssrn.5601911,,,,
m268,Designing the Expanded Microseismic Monitoring Network for an Unstable Rock Face in Northern Italy,2022,Pure and Applied Geophysics,10.1007/s00024-022-03012-0,,,,
m1256,Deriving Mining-Induced 3d Displacement from Dual Insar Geometries Using Knowledge-Driven Phase Unwrapping and Facet Kernel,2025,SSRN Electronic Journal,10.2139/ssrn.5082624,,,,
m1264,Detecting aftershocks of the MS6.9 Menyuan earthquake and mapping blind faults by a distributed acoustic sensing array with an existing fiber-optic cable,2022,Chinese Science Bulletin (Chinese Version),10.1360/tb-2022-0155,,,,
m1002,Enhancing convergence speed and accuracy of virtual field optimization method for microseismic source location in tunnels,2025,Tunnelling and Underground Space Technology,10.1016/j.tust.2025.106366,,,,
m1118,Global optimization of arrival picking for microseismic events,2019,,10.1190/segam2019-3215483.1,,,,
m50,An Enhanced RANSAC Method for Complex Hydraulic Network Characterization Based on Microseismic Data,2018,,,,,,
m1422,Bayesian ensemble learning for rockburst grade prediction in high Geo-Stress TBM tunnels with SHAP-Based interpretability,2025,Engineering Failure Analysis,10.1016/j.engfailanal.2025.110425,,,,
m632,Spiking Neural Networks with Energy to Spike Encoding for Label-Free Detection in Distributed Acoustic Sensing,2025,,10.1109/gcce65946.2025.11275067,,,,
m223,Recognition of Rock Micro-Fracture Signal Based on Deep Convolution Neural Network Inception Algorithm,2021,IEEE Access,10.1109/access.2021.3086630,,,,
m1461,A coal bursting liability evaluation model based on fuzzy set theory and analysis of three influencing factors,2024,Frontiers in Earth Science,10.3389/feart.2024.1378956,,,,
m230,Time Series Prediction of Microseismic Multi-parameter Related to Rockburst Based on Deep Learning,2021,Rock Mechanics and Rock Engineering,10.1007/s00603-021-02614-9,,,,
m1180,Microseismic Guided Wave Eigenfunction Theory with Application to Event Depth Classification in the Eagle Ford Shale,2021,Digital Collections of Colorado (Colorado State University),10.13140/rg.2.2.20183.80806,,,,
m245,An Efficient Simulator for Microseismic Mapping of Fracture Networks,2022,,10.56952/arma-2022-0067,,,,
m494,Supervised Deep Learning for Detecting and Locating Passive Seismic Events Recorded with DAS: A Case Study,2024,Sensors,10.3390/s24216978,,,,
m974,Micro-seismic events detection and its tectonic implications in Northeastern Hainan Province,2023,Frontiers in Earth Science,10.3389/feart.2023.1169877,,,,
m214,Multi-Classification of Complex Microseismic Waveforms Using Convolutional Neural Network: A Case Study in Tunnel Engineering,2021,Sensors,10.3390/s21206762,,,,
m784,Transfer Learning and Benchmarking for Induced Seismic Event Detection: Insights From Oklahoma,2026,Journal of Geophysical Research Machine Learning and Computation,10.1029/2025jh001194,,,,
m367,Microseismicity clustering and mechanic properties reveal fault segmentation in southern Italy,2023,Tectonophysics,10.1016/j.tecto.2023.229849,,,,
m191,Direct microseismic event location and characterization from passive seismic data using convolutional neural networks,2021,Geophysics,10.1190/geo2020-0636.1,,,,
m746,Prediction of rockburst occurrence time: Implications from microseismic monitoring and deep learning,2026,Journal of Rock Mechanics and Geotechnical Engineering,10.1016/j.jrmge.2026.02.017,,,,
m269,Dynamic Fracture Network Evolution: Monitoring and Characterizing Using a Geomechanically Constrained Time-Lapsed Windowed Microseismic Imaging,2022,,10.56952/arma-2022-0711,,,,
m1235,YOLO-DDLKA: An Improved YOLOv8 Framework for Mining-Induced Surface Crack Detection,2026,,10.1109/icgmrs70230.2026.11542513,,,,
m253,Calibration of Complex Discrete Fracture Network Using Microseismic Events and Fracture Propagation Modelling with Seamless Reservoir Production Simulation,2022,Lithosphere,10.2113/2022/1409534,,,,
m1027,Downhole microseismic signal recognition and extraction based on sparse distribution features,2016,Chinese Journal of Geophysics,,,,,
m1481,Rockburst Intensity Prediction Using TabPFN with Ensemble Consistency-Based Data Quality Screening,2026,Vibration,10.3390/vibration9030058,,,,
m1438,A novel tree-based algorithm for real-time prediction of rockburst risk using field microseismic monitoring,2021,Research Square,10.21203/rs.3.rs-188500/v1,,,,
m1128,Comparison of Detection and Location Capabilities of Surface Microseismic Monitoring Algorithms,2018,EGUGA,,,,,
m1302,A Deep Learning Approach for Passive Seismic Sources Locating and Subsurface Property Characterisation,2024,,10.3997/2214-4609.2024101028,,,,
m939,Microseismic/acoustic emission sources localization method using improved search algorithm for multiple media and irregular complex structures,2025,Measurement,10.1016/j.measurement.2025.117034,,,,
m1370,Electromagnetic radiation interference signal recognition in coal rock mining based on recurrent neural networks,2021,Geophysics,10.1190/geo2020-0726.1,,,,
m820,Classification of mine blasts and microseismic events using starting-up features in seismograms,2015,Transactions of Nonferrous Metals Society of China,10.1016/s1003-6326(15)63976-0,,,,
m1366,Application of KM-SMOTE for rockburst intelligent prediction,2023,Tunnelling and Underground Space Technology,10.1016/j.tust.2023.105180,,,,
m157,The Scientific Induced Seismicity Monitoring Network (SCISMN),2020,,,,,,
m912,Research on microseismic signal identification through data fusion,2024,Computers & Geosciences,10.1016/j.cageo.2024.105708,,,,
m5,Pore-pressure diffusion based on analysis and characterization of microseismicity in central Arkansas,2015,PhDT,,,,,
m1188,Speech Features and Classification for Induced Microseismic Signals During Hydraulic Fracturing: Implication for Coalbed Methane Reservoir Stimulation,2024,SSRN Electronic Journal,10.2139/ssrn.4942163,,,,
m1485,"The benefits of unconstrained, data-driven velocity models for seismic processing in caving operations",2026,,10.36487/acg_repo/2645_47,,,,
m1283,Simultaneous reconstruction and denoising for DAS-VSP seismic data by RRU-net,2023,Frontiers in Earth Science,10.3389/feart.2022.993465,,,,
m1098,Using Seismic Data to Identify Temporal Increases in Mining-Induced Stress,2020,ISRM International Symposium - EUROCK 2020,,,,,
m965,Detection of volcanic microearthquakes based on homomorphic deconvolution and STA/LTA,2021,Journal of Volcanology and Geothermal Research,10.1016/j.jvolgeores.2021.107439,,,,
m552,Dynamic evolution of water conducting fracture zones and roof water hazard early warning based on 3d spatial clustering,2025,Scientific Reports,10.1038/s41598-025-19305-y,,,,
m714,Leveraging phase neural operator for microseismic phase arrival picking,2026,,10.1190/image2025-4312391.1,,,,
m1139,Automatic determination of seismic phase arrival times for microearthquakes in local to regional distances,2017,EGUGA,,,,,
m439,Enhancing fiber-optic DAS microseismic event detection in imbalanced data using embedding space optimization,2024,,10.1190/image2024-w06-01.1,,,,
m1023,Use of Automatic Moment Tensor Inversion in Real Time Microseismic Imaging,2015,,10.15530/urtec-2015-2149949,,,,
m305,The Intense 2020–2021 Earthquake Swarm in Corinth Gulf: Cluster Analysis and Seismotectonic Implications from High Resolution Microseismicity,2022,Pure and Applied Geophysics,10.1007/s00024-022-03135-4,,,,
m1372,Thermal monitoring and deep learning approach for early warning prediction of rock burst in underground structures,2023,Journal of Physics D Applied Physics,10.1088/1361-6463/ad11bb,,,,
m1095,Numerical Modeling of Shear Deformation Measurements from Distributed Fiber Optic Strain Sensing for Detection and Mitigation of Induced Seismicity,2024,,10.15530/urtec-2024-4044190,,,,
m1394,Rockburst Intensity Grade Prediction Based on Data Preprocessing Techniques and Multi-model Ensemble Learning Algorithms,2024,Rock Mechanics and Rock Engineering,10.1007/s00603-024-03811-y,,,,
m717,LSTM multivariate model based microseismic time-series prediction and rockburst early warning,2026,Frontiers in Earth Science,10.3389/feart.2026.1840913,,,,
m1287,Technology Focus: Seismic,2019,Journal of Petroleum Technology,10.2118/0319-0086-jpt,,,,
m248,"Automated classification of seismic signals recorded on the Åknes rockslope, Western Norway, using a Convolutional Neural Network",2022,,10.5194/esurf-2022-15,,,,
m1228,ANALYSIS OF MICROEARTHQUAKES TO IDENTIFY WEAK POINTS IN THE SUBSURFACE AS OBSERVED FROM A SALT DOME STUDY,2021,Abstracts with programs - Geological Society of America,10.1130/abs/2021am-370729,,,,
m742,Physics-informed neural operator for learning Helmholtz equation in microseismic application,2026,,10.1190/image2025-4303841.1,,,,
m770,Seismic phase picking of coal mine microseismic data based on lightweight CNN,2026,Frontiers in Signal Processing,10.3389/frsip.2026.1884114,,,,
m1398,Inversion Analysis of Stress Fields Based on the LSTM–Attention Neural Network,2025,Applied Sciences,10.3390/app15179567,,,,
m485,RETRACTED ARTICLE: Research on Microseismic Periodic Noise Suppression Method Based on Long Short-Term Memory Network,2024,Pure and Applied Geophysics,10.1007/s00024-024-03643-5,,,,
m504,Wavelet Transform and Hidden Markov Model Application for Unsupervised Clustering of Microseismic Events from CO2 Injection,2024,,10.2172/2586278,,,,
m757,Research on microseismic source localization method combining supervised machine learning and 3-dimensional ray tracing method,2026,Arabian Journal of Geosciences,10.1007/s12517-026-12533-0,,,,
m76,A Method for Rockburst Prediction in the Deep Tunnels of Hydropower Stations Based on the Monitored Microseismicity and an Optimized Probabilistic Neural Network Model,2019,Sustainability,10.3390/su11113212,,,,
m379,Revisiting Induced Seismicity in Groningen Field Using 3D CNN,2023,,10.3997/2214-4609.202332053,,,,
m1395,Research on rock burst prediction based on an integrated model,2025,Scientific Reports,10.1038/s41598-025-91518-7,,,,
m1043,"Mining-Induced Land Subsidence Detection by Persistent Scatterer InSAR and Sentinel-1: Application to Phugiao Quarries, Vietnam",2020,Lecture notes in civil engineering,10.1007/978-3-030-60269-7_2,,,,
m314,Achieving a Comprehensive Microseismicity Catalog through a Deep-Learning-Based Workflow: Applications in the Central Ecuadorian Subduction Zone,2023,Bulletin of the Seismological Society of America,10.1785/0120230128,,,,
m335,Distributed Acoustic Sensing Microseismic Data Denoising Using a GAN-Based Deep Learning Network with Spectral Constraint,2023,,10.3997/2214-4609.202376044,,,,
m1495,Optimization of TBM tunnelling efficiency based on stacking ensemble learning,2025,Geomatics Natural Hazards and Risk,10.1080/19475705.2025.2555726,,,,
m144,Microseismic Hypocenter Location Using an Artificial Neural Network,2020,,10.3997/2214-4609.202010583,,,,
m275,Hydraulic fracture-hit detection system using low-frequency DAS data,2022,,10.1190/image2022-3750851.1,,,,
m239,A Machine Learning-Based Microseismic Event Location and Wave Velocity Prediction,2022,,10.56952/arma-2022-0166,,,,
m593,Microseismic Source Localization Using Fourier Neural Operator With Application to Field Data From Utah FORGE,2025,IEEE Transactions on Geoscience and Remote Sensing,10.1109/tgrs.2025.3533635,,,,
m252,Basin-Scale Machine Learning Prediction for Injection-Induced Seismicity in Oklahoma,2022,HAL (Le Centre pour la Communication Scientifique Directe),,,,,
m1363,Rockburst Prediction Based on Particle Swarm Optimization and Machine Learning Algorithm,2019,Springer series in geomechanics and geoengineering,10.1007/978-3-030-32029-4_25,,,,
m12,Automatic Time Picking for Microseismic Data Based on a Fuzzy C-Means Clustering Algorithm,2016,IEEE Geoscience and Remote Sensing Letters,10.1109/lgrs.2016.2616510,,,,
m108,Analysis the effects of perforation cluster numbers on fracture network expansion based on microseismic technology—a case study of shale gas reservoir in Sichuan Basin,2020,,10.1190/bhgp2020-17.1,,,,
m507,A CNN–LSTM and PSO–GRNN Prediction of the Rockburst Risk Level Based on the Data from the Combination of Microseismic Monitoring Variables with Electromagnetic Radiation Signals,2025,Journal of Mining Science,10.1134/s1062739125050084,,,,
m1092,Application of borehole-to-roadway DC resistivity tomography in detecting mining-induced floor damage in coal seams,2026,Journal of Applied Geophysics,10.1016/j.jappgeo.2026.106229,,,,
m990,High Precision Microseismic Source Localization Algorithm,2016,Revista Tecnica De La Facultad De Ingenieria Universidad Del Zulia,10.21311/001.39.5.01,,,,
m1304,Research status and prospect of intelligent wells reservoir monitoring technology,2025,Nondestructive Testing And Evaluation,10.1080/10589759.2025.2528931,,,,
m146,Microseismic Signal Denoising and Separation Based on Fully Convolutional Encoder–Decoder Network,2020,Applied Sciences,10.3390/app10186621,,,,
m1246,Preliminary damage detection and rockburst early warning for coal-rock composite based on PCA-DBSCAN,2026,International Journal of Mining Science and Technology,10.1016/j.ijmst.2026.05.009,,,,
m1201,Systematic classification of seismicity patterns in microearthquake sequences of Switzerland,2019,EGUGA,,,,,
m16,Fault Reactivation Analysis Using Microearthquake Clustering Based on Signal-to-Noise Weighted Waveform Similarity,2016,Pure and Applied Geophysics,10.1007/s00024-016-1281-4,,,,
m806,Microseismic event location using the first and reflected arrivals,2015,Geophysics,10.1190/geo2015-0068.1,,,,
m1417,Analysis of key geological structures and rockburst prediction method,2025,Scientific Reports,10.1038/s41598-025-99744-9,,,,
m989,High-Accuracy Location of Microseismic Events in a Strong Inhomogeneous Mining Environment by Optimized Global Full Waveform Inversion,2020,Applied Sciences,10.3390/app10207205,,,,
m2,"Integrating horizontal borehole imagery and cluster analysis with microseismic data for Niobrara/Codell reservoir characterization, Wattenberg Field, Colorado, USA",2015,Digital Collections of Colorado (Colorado State University),,,,,
m393,3D Microseismic Event Direct Location with 3-Component Surface and Borehole Data Using Deep Learning,2024,,10.3997/2214-4609.202410606,,,,
m575,Leveraging Machine Learning for Exception Diagnostics: Insights from Quest CCS Datasets,2025,,10.3997/2214-4609.2025101299,,,,
m873,Wave equation based microseismic source location and velocity inversion,2016,Physics of The Earth and Planetary Interiors,10.1016/j.pepi.2016.07.003,,,,
m521,An Algorithm for the Shape-Based Distance of Microseismic Time Series Waveforms and Its Application in Clustering Mining Events,2025,Applied Sciences,10.3390/app15147891,,,,
m1182,Research on automatic segmentation method of microseismic monitoring signal under low signal-to-noise ratio conditions,2026,PLoS ONE,10.1371/journal.pone.0358562,,,,
m611,Rapid identification of induced seismicity using deep learning in West Texas,2025,Geophysical Journal International,10.1093/gji/ggaf341,,,,
m776,Spatiotemporal Clustering of Induced Seismicity in Enhanced Geothermal Systems,2026,ScholarWorks -A service of University of Vermont Libraries (University of Vermont),,,,,
m1415,"Classifying small earthquakes, explosions and collapses in the western United States using physics-based features and machine learning",2024,Geophysical Journal International,10.1093/gji/ggae316,,,,
m392,Wavelet Transform-Based Fuzzy Clustering Microseismic First-Arrival Picking Method,2023,IEEE Access,10.1109/access.2023.3338628,,,,
m343,"Induced seismicity in the Changning salt mining zone, China, could be driven by the pore-pressure diffusion",2023,Tectonophysics,10.1016/j.tecto.2023.230197,,,,
m1454,Comparative Analysis of Various Machine Learning Techniques for Rockburst Risk Prediction,2024,,10.1145/3701047.3701067,,,,
m320,Automatic detection of microseismic waveform based on machine learning,2023,,10.3997/2214-4609.2023101440,,,,
m794,"Classification of earthquakes, explosions and mining-induced earthquakes based on XGBoost algorithm",2022,Computers & Geosciences,10.1016/j.cageo.2022.105242,,,,
m1005,Bayesian identification of multiple seismic change points and varying seismic rates caused by induced seismicity,2017,Geophysical Research Letters,10.1002/2016gl072266,,,,
m181,Classification of clustered microseismic events in a coal mine using machine learning,2021,Journal of Rock Mechanics and Geotechnical Engineering,10.1016/j.jrmge.2021.09.002,,,,
m681,DHCC: An Interpretable Framework for Microseismic Analysis via Differentiable Hierarchical Consensus Clustering,2026,IEEE Geoscience and Remote Sensing Letters,10.1109/lgrs.2026.3732138,,,,
m1432,Prediction method for rockburst risk using unsupervised clustering in small sample scenarios,2025,Georisk Assessment and Management of Risk for Engineered Systems and Geohazards,10.1080/17499518.2025.2547367,,,,
m582,Machine Learning Utilization for Waveform Denoising and Hypocenter Determination of Microseismic Event at Volcanic Geothermal Field,2025,IOP Conference Series Earth and Environmental Science,10.1088/1755-1315/1458/1/012039,,,,
m164,Using neural networks to detect microseismicity and pick P-wave arrival times in Oklahoma,2020,,10.1190/segam2020-3417918.1,,,,
m256,Characterising sediment thickness beneath a Greenlandic outlet glacier using distributed acoustic sensing: preliminary observations and progress towards an efficient machine learning approach,2022,Annals of Glaciology,10.1017/aog.2023.15,,,,
m744,Prediction of dynamic manifestations of rock pressure based on microseismic monitoring and machine learning methods,2026,"Научно-исследовательский центр ""МашиноСтроение"" (НИЦ МС)",10.26160/2658-3305-2026-38-122-131,,,,
m551,Development and Validation of Intelligent Models for Predicting Rockburst Location Based on Microseismic Monitoring and Machine Learning,2025,Rock Mechanics and Rock Engineering,10.1007/s00603-025-04388-w,,,,
m925,A Review of Microseismic Source Location Techniques in Underground Mining,2025,MetaResource,10.23919/metar.2025.000011,,,,
m1130,Low-SNR Microseismic Detection Using Direct P-Wave Arrival Polarization,2020,Seismological Society of Japan,,,,,
m462,Microseismic Data-Driven Short-Term Rockburst Evaluation in Underground Engineering with Strategic Data Augmentation and Extremely Randomized Forest,2024,Mathematics,10.3390/math12223502,,,,
m14,Development of Limited Discrete Fracture Network Using Surface Microseismic Event Detection Testing in Canadian Horn River Basin,2016,,10.15530/urtec-2016-2455932,,,,
m294,Research on classification and identification of mine microseismic signals based on deep learning method,2022,DOAJ (DOAJ: Directory of Open Access Journals),10.19606/j.cnki.jmst.2022.02.003,,,,
m895,Fault imaging at Mt Pollino (Italy) from relative location of microearthquakes,2020,Geophysical Journal International,10.1093/gji/ggaa407,,,,
m694,Forecasting the Rate of Induced Seismicity as a Neural Temporal Point Process,2026,Journal of Geophysical Research Machine Learning and Computation,10.1029/2025jh001052,,,,
m750,Real-time microseismic source localization in deep tunnel using physics-informed neural networks,2026,Journal of Rock Mechanics and Geotechnical Engineering,10.1016/j.jrmge.2026.07.013,,,,
m1083,Recognition and Prediction of Precursory Feature Signals of Coal Mine Rock Burst Based on Random Forest and MK Trend Test,2024,Frontiers in Computing and Intelligent Systems,10.54097/5xwgxa77,,,,
m51,Automatic microseismic detection and location via the deep-convolutional neural network,2018,,10.1190/segam2018-2997548.1,,,,
m1255,Evolution Laws of Mining-Induced Fractures in Overlying Strata of Inclined Extra-Thick Coal Seam and the Identification of Gas Migration and Enrichment Regions,2024,SSRN Electronic Journal,10.2139/ssrn.5019736,,,,
m1203,Detecting induced seismicity on various scales: Monitoring the Grimsel injections,2015,,,,,,
m420,Classification of Microseismic Signals Using Machine Learning,2024,Processes,10.3390/pr12061135,,,,
m941,Locating microseismic events using multiplicative time reversal imaging based on decoupled wavefields in 2D VTI media: Theoretical and synthetic cases studies,2021,Journal of Petroleum Science and Engineering,10.1016/j.petrol.2021.108547,,,,
m1195,"Continuous micro-earthquake catalogue of the central Southern Alps, New Zealand",2017,EGUGA,,,,,
m1219,MICROSEISMIC EVENT DETECTION USING DIFFERENT ALGORITHMS ON REAL DATA FROM PATCH ARRAY GEOPHONE GRID FROM EASTERN POMERANIA FRACTURING JOB,2017,International Multidisciplinary Scientific GeoConference SGEM ...,10.5593/sgem2017/14/s05.032,,,,
m1141,On the Reflected Waves Contribution into the Robustness of Microseismic Events Location,2023,Lecture notes in networks and systems,10.1007/978-3-031-35311-6_65,,,,
m874,Arrival picking method for microseismic phases based on curve fitting,2020,Applied Geophysics,10.1007/s11770-020-0831-9,,,,
m329,Deep clustering analysis for data exploration and anomaly detection in distributed acoustic sensing (DAS) systems,2023,The Journal of the Acoustical Society of America,10.1121/10.0023178,,,,
m1421,Physics-informed machine learning for matched field source-range estimation,2025,The Journal of the Acoustical Society of America,10.1121/10.0041850,,,,
m796,Classification of Rockburst in Underground Projects: Comparison of Ten Supervised Learning Methods,2016,Journal of Computing in Civil Engineering,10.1061/(asce)cp.1943-5487.0000553,,,,
m375,Prediction of microseismic events in rock burst mines based on MEA-BP neural network,2023,Scientific Reports,10.1038/s41598-023-35500-1,,,,
m994,Classification of Microseismic Activity in an Unstable Rock Cliff,2017,,10.1007/978-3-319-53487-9_13,,,,
m701,"Improving seismicity monitoring to prepare for CO2 storage in the Horda platform, Norwegian North Sea",2026,Seismica,10.26443/seismica.v5i2.2561,,,,
m1127,Landslide micro-seismicity: description and classification of endogenous seismic sources,2018,EGUGA,,,,,
m630,"Spatiotemporal clustering of microseismic signals in mining areas: A case study of the Baoji lead‑zinc mine in Shaanxi, China",2025,Engineering Geology,10.1016/j.enggeo.2025.108057,,,,
m1408,Risk Warning of Rock Burst Based on CSA Optimization,2024,IEEE Transactions on Industrial Informatics,10.1109/tii.2024.3353910,,,,
m951,Relative source location using a local equivalent path strategy for surface microseismic monitoring,2018,Geophysical Journal International,10.1093/gji/ggy482,,,,
m996,"A Bayesian change point model to detect changes in event occurrence rates, with application to induced seismicity",2015,cIRcle (University of British Columbia),10.14288/1.0076078,,,,
m508,A Comprehensive Review of Optimization Algorithms in Oil and Gas Fields: Approaches and Applications,2025,International Journal of Communication Systems,10.1002/dac.70319,,,,
m1213,Toward real-time microearthquake event detection and location in anisotropic media using a multiscale approach for EGS collab experiments,2018,,,,,,
m855,Detecting the Preparatory Phase of Induced Earthquakes at The Geysers (California) Using K‐Means Clustering,2023,Journal of Geophysical Research Solid Earth,10.1029/2023jb026429,,,,
m627,Session 26. Oral Presentation for: Machine learning inversion solution: a tool to identify faults shear slip from sensed ground deformation,2025,Australian Energy Producers journal.,10.1071/ep24422,,,,
m864,Rock Burst Precursor Electromagnetic Radiation Signal Recognition Method and Early Warning Application Based on Recurrent Neural Networks,2021,Rock Mechanics and Rock Engineering,10.1007/s00603-020-02314-w,,,,
m881,Evaluating the Rockburst Potential in the Railway Tunnel after Identifying the Most Significant Microseismic Inputs for the Classifier using Feature Selection Techniques,2025,Rock Mechanics and Rock Engineering,10.1007/s00603-025-04569-7,,,,
m1117,Phase Arrivals Picking Method for Microseismic Signals with Small Dataset,2020,Computer Science and Application,10.12677/csa.2020.1012234,,,,
m355,Machine-Learning-Assisted Induced Seismicity Characterization and Forecasting of the Ellenburger Formation in Northern Midland Basin,2023,,10.15530/urtec-2023-3855873,,,,
m1355,Statistical assessment of rock burst potential and contributions of considered predictor variables in the task,2018,Tunnelling and Underground Space Technology,10.1016/j.tust.2017.10.009,,,,
m199,Image-based fracture hit warning system with distributed acoustic sensing,2021,,10.1190/segam2021-3587266.1,,,,
m1149,Detection and Localization of Excavation-Disturbance-Related Near-Field Microseismic Events During TBM Tunneling,2026,Sensors,10.3390/s26134163,,,,
m822,Improving the efficiency of microseismic source locating using a heuristic algorithm-based virtual field optimization method,2021,Geomechanics and Geophysics for Geo-Energy and Geo-Resources,10.1007/s40948-021-00285-y,,,,
m812,Rockburst prediction in kimberlite with unsupervised learning method and support vector classifier,2019,Tunnelling and Underground Space Technology,10.1016/j.tust.2019.04.019,,,,
m692,Fast Automatic Segmentation of Microseismic and Blasting Events without Labeled Data Using Sparse Graph Spectral Clustering,2026,ASCE-ASME Journal of Risk and Uncertainty in Engineering Systems Part A Civil Engineering,10.1061/ajrua6.rueng-1732,,,,
m594,Microseismic Source Localization via Fusion Networks with Integrated Velocity Model Constraints,2025,Rock Mechanics and Rock Engineering,10.1007/s00603-025-05190-4,,,,
m203,LOCALIZATION OF MICROSEISMIC EVENTS USING PHYSICS-INFORMED NEURAL NETWORK SOLUTION TO THE EIKONAL EQUATION,2021,Interexpo GEO-Siberia,10.33764/2618-981x-2021-2-2-32-38,,,,
m61,Experiences and learnings from induced seismicity regulation in Alberta,2018,Interpretation,10.1190/int-2017-0164.1,,,,
m503,Utah FORGE: Microseismic Surface Network Catalogs for Wells 16A(78)-32 and 16B(78)-32 Stimulation 2022 and Circulation 2023,2024,OSTI OAI (U.S. Department of Energy Office of Scientific and Technical Information),10.15121/2301597,,,,
m876,"Cross-correlation-based detection and characterisation of microseismicity adjacent to the locked, late-interseismic Alpine Fault, South Westland, New Zealand",2016,Earth and Planetary Science Letters,10.1016/j.epsl.2016.09.061,,,,
m795,Locating induced earthquakes with a network of seismic stations in Oklahoma via a deep learning method,2020,Scientific Reports,10.1038/s41598-020-58908-5,,,,
m1105,An integrated spatiotemporal framework for identification and early warning of mining-induced fault activation,2026,International Journal of Rock Mechanics and Mining Sciences,10.1016/j.ijrmms.2026.106492,,,,
m41,"Jeddi, Zeinab, Sgattoni, Giulia, Gudmundsson, Olafur, Tryggvason, Ari, Lund, Björn, 2017. A peculiar cluster of microearthquakes on the eastern flank of Katla volcano, southern Iceland, Jökull 67, 1-16.",2017,JOKULL,,,,,
m120,Deep Neural Network for Real-Time Location and Moment Tensor Inversion of Borehole Microseismic Events Induced by Hydraulic Fracturing,2020,SPE Russian Petroleum Technology Conference,10.2118/201925-ms,,,,
m441,Focal mechanism determination by location-constrained deep learning: Application to microseismic monitoring,2024,Geophysics,10.1190/geo2024-0478.1,,,,
m180,Classification and Localization of Low-Frequency DAS Strain Rate Patterns with Convolutional Neural Networks,2021,SPE Europec featured at 82nd EAGE Conference and Exhibition,10.2118/205136-ms,,,,
m201,Intelligent Structure Monitoring for Tunnel Steel Loop Based on Distributed Acoustic Sensing,2021,Conference on Lasers and Electro-Optics,10.1364/cleo_at.2021.ath1s.4,,,,
m466,Microseismic Source Localization at the FORGE Geothermal Site Using Fourier Neural Operator,2024,,10.3997/2214-4609.202471094,,,,
m998,Machine Learning-Based Classification of Rock Bursts in an Active Coal Mine Dominated by Non-Destructive Tremors,2024,Applied Sciences,10.3390/app14125209,,,,
m140,Machine Learning Based Analysis Of Acoustic Emissions During Induced Seismicity.,2020,OSTI OAI (U.S. Department of Energy Office of Scientific and Technical Information),,,,,
m1407,Deep Underground Engineering and The Use of Artificial Intelligence Techniques,2018,International Journal of Earth & Environmental Sciences,10.15344/2456-351x/2018/158,,,,
m720,"Machine Learning–Based Automatic Microseismic Event Detection During the 17 August 2015 Mw 4.6 Induced Earthquake Sequence in Northern Montney, British Columbia, Canada",2026,Bulletin of the Seismological Society of America,10.1785/0120250263,,,,
m1362,Rock-Burst Occurrence Prediction Based on Optimized Naïve Bayes Models,2021,IEEE Access,10.1109/access.2021.3089205,,,,
m929,Research on feature vector construction and classification recognition of typical mine microseismic waveforms,2023,Journal of Loss Prevention in the Process Industries,10.1016/j.jlp.2023.105183,,,,
m1345,Deep Learning in Rockburst Intensity Level Prediction: Performance Evaluation and Comparison of the NGO-CNN-BiGRU-Attention Model,2024,Applied Sciences,10.3390/app14135719,,,,
m202,Investigating Icequakes on Enceladus Using an Antarctic Analog: Application of Seismic and Machine-Learning Techniques to Characterize Tidally Induced Seismicity Along Icy Rifts,2021,Lunar and Planetary Science Conference,,,,,
m334,"Distributed Acoustic Sensing and Machine Learning: Rockfall Detection at Mt. Meager, B.C.",2023,,10.3997/2214-4609.202320030,,,,
m116,Clustering characteristics of gas-extraction induced seismicity in the Groningen gas field,2020,Geophysical Journal International,10.1093/gji/ggaa038,,,,
m567,Impact Risk Analysis and Pressure Relief Evaluation of Deep Rockburst Mines Based on Multi-factor Data Fusion and Combination Empowerment,2025,Rock Mechanics and Rock Engineering,10.1007/s00603-025-05097-0,,,,
m423,Deciphering earthquake triggering mechanisms for induced seismicity using a fully coupled poroelastic model and machine learning analysis,2024,,10.22541/au.171386436.63437286/v1,,,,
m1390,Machine-learning-based simultaneous detection and ranging of impulsive baleen whale vocalizations using a single hydrophone,2023,The Journal of the Acoustical Society of America,10.1121/10.0017118,,,,
m378,Research on Automatic Classification of Coal Mine Microseismic Events Based on Data Enhancement and FCN-LSTM Network,2023,Applied Sciences,10.3390/app132011158,,,,
m652,A Novel Transfer Learning-Enhanced BiLSTM-DCNN Architecture for Mine Microseismic Signal Identification with Small Data Set,2026,Research Square,10.21203/rs.3.rs-8704897/v1,,,,
m69,Neural networks for moment-tensor Inversion of surface microseismic data,2018,,10.1190/segam2018-2998626.1,,,,
m1029,Identifying different classes of geoacoustic events using machine learning,2025,International Journal of Rock Mechanics and Mining Sciences,10.1016/j.ijrmms.2025.106144,,,,
m854,Micro-seismic source location determined by a modified objective function,2019,Engineering With Computers,10.1007/s00366-019-00800-6,,,,
m255,Case Study on Dynamic Identification of Overburden Fracture and Strong Mine Pressure Mechanism of Isolated Working Face Based on Microseismic Clustering,2022,Sustainability,10.3390/su15010436,,,,
m425,Deep learning phase pickers: how well can existing models detect hydraulic-fracturing induced microseismicity from a borehole array?,2024,Geophysical Journal International,10.1093/gji/ggae386,,,,
m1452,Research on Fine Identification Method of Tunnel Geological Digital Drilling Based on Artificial Neural Network,2023,,10.1109/icmiii58949.2023.00110,,,,
m732,Microseismic source location method based on graph neural networks,2026,Journal of seismic exploration,10.36922/jse026150065,,,,
m58,Deep belief neural network-based arrival picking for microseismic data,2018,DOAJ (DOAJ: Directory of Open Access Journals),10.19606/j.cnki.jmst.2018.06.002,,,,
m424,Deep and clustered microseismicity at the edge of southern New Zealand's transpressive plate boundary,2024,,10.22541/essoar.172770788.83492166/v1,,,,
m1097,A Knowledge-Guided Graph Reasoning Framework for Multi-Modal Detection of Mining-Induced Land Degradation,2026,IEEE Access,10.1109/access.2026.3679798,,,,
m1502,Processing strongly non-stationary AE/EMR signals based on the VMD–SWT–TEO adaptive time-frequency signal framework,2026,,10.1117/12.3115821,,,,
m580,"Machine Learning for Micro-seismic Event Detection: A Comparative Study of Spiking, Graph and Convolution Neural Network on Distributed Acoustic Sensing Data",2025,,10.1145/3743158.3783853,,,,
m663,Artificial intelligence based solutions for monitoring CO2 storage reservoirs: A review,2026,Next research.,10.1016/j.nexres.2026.101860,,,,
m977,A methodology to detect and locate low-permeability faults to reduce the risk of inducing seismicity of fluid injection operations in deep saline formations,2017,International journal of greenhouse gas control,10.1016/j.ijggc.2017.02.010,,,,
m134,Injection-Induced Seismic Risk Management Using Machine Learning Methodology – A Perspective Study,2020,Frontiers in Earth Science,10.3389/feart.2020.00227,,,,
m686,Dynamic geo‐hydrogeological monitoring‐driven situational awareness for real‐time floor water inrush risk prediction in deep mining,2026,Deep Underground Science and Engineering,10.1002/dug2.70082,,,,
m48,Adaptive microseismic data compressed sensing method based on dictionary learning,2018,Microsystem Technologies,10.1007/s00542-018-4225-3,,,,
m1332,Advanced cvPINN-TL-DFN reconstruction and multi-scale transfer learning of complex fracture networks in granite for enhanced geothermal systems applications,2026,Earth Science Informatics,10.1007/s12145-026-02189-5,,,,
m106,Variable spatio-temporal clustering of microseismicity in the Hellenic Subduction Zone as possible indicator for fluid migration,2019,Lithos,10.1016/j.lithos.2019.105154,,,,
m295,Research on microseismic event imaging based on waveform clustering analysis,2022,DOAJ (DOAJ: Directory of Open Access Journals),10.19606/j.cnki.jmst.2022.01.003,,,,
m1486,An integrated approach to mining layout design for compound-hazards mines with coordinated rockburst and water inrush control,2026,Research Square,10.21203/rs.3.rs-8948521/v1,,,,
m1100,Signal Super Prediction and Rock Burst Precursor Recognition Framework Based on Guided Diffusion Model with Transformer,2025,Applied Sciences,10.3390/app15063264,,,,
m556,Event recognition technology and short-term rockburst early warning model based on microseismic monitoring and ensemble learning,2025,Scientific Reports,10.1038/s41598-025-03657-6,,,,
m700,Identification of Microseismic Signals in Coal Mine Rockbursts Based on Hybrid Feature Selection and a Transformer,2026,Applied Sciences,10.3390/app16031241,,,,
m976,"Microseismicity detection and spatial-temporal migration in the Xinfengjiang reservoir, Guangdong, China",2024,Physics of The Earth and Planetary Interiors,10.1016/j.pepi.2024.107245,,,,
m94,Microseismic Data Reconstruction and Location Based on Bayesian Non-Parametric Dictionary Learning,2019,81st EAGE Conference and Exhibition 2019,10.3997/2214-4609.201901010,,,,
m528,Artificial Intelligence for Underground Gas Storage Engineering: A Review with Bibliometric and Knowledge-Graph Insights,2025,Energies,10.3390/en18236354,,,,
m1336,Technology Focus: Reservoir Surveillance (September 2025),2025,Journal of Petroleum Technology,10.2118/0925-0008-jpt,,,,
m1306,"Time-lapse attenuation variations during CO2 injection using DAS VSP data from the CaMI Field Research Station, Alberta, Canada",2022,,10.1190/image2022-3751282.1,,,,
m1311,A study on prototypical networks for DAS acoustic event classification in railway trackside safety monitoring,2026,Measurement Science and Technology,10.1088/1361-6501/ae989e,,,,
m1242,A Non-Stationary Signal Classification Method Based on Time-Frequency Feature Fusion and Resampling and its Application in the Prediction of Rock Burst in Mines,2025,,10.1109/icpics66386.2025.11347291,,,,
m293,Real-time hydraulic fracturing monitoring using deep learning clustering of microseismic data,2022,,10.1190/image2022-3751111.1,,,,
m838,Deep Learning for the Detection and Phase Unwrapping of Mining-Induced Deformation in Large-Scale Interferograms,2021,IEEE Transactions on Geoscience and Remote Sensing,10.1109/tgrs.2021.3121907,,,,
m685,Dual-event arrival-time picking for downhole microseismic monitoring using a fully convolutional network,2026,Acta Geophysica,10.1007/s11600-026-01898-1,,,,
m21,Microseismic network design in complex 3D velocity models,2016,,10.1190/segam2016-13944667.1,,,,
m1212,Deep learning method in micro-earthquake phase determination in geothermal field,2025,IOP Conference Series Earth and Environmental Science,10.1088/1755-1315/1486/1/012019,,,,
m884,Mine Microseismic Time Series Data Integrated Classification Based on Improved Wavelet Decomposition and ELM,2022,Cognitive Computation,10.1007/s12559-022-09997-z,,,,
m617,Research on intelligent monitoring technique of microseismic monitoring,2025,,10.1190/nsgp2025-032.1,,,,
m1158,Source location method for surface microseismic monitoring based on relative traveltime calculation,2016,Diqiu Wulixue Jinzhan,,,,,
m1253,Detecting long-term effects of mining-induced ground deformation on plant patterns in semi-arid areas using a cellular automata model,2022,Research Square,10.21203/rs.3.rs-2271212/v1,,,,
m938,Localization for surface microseismic monitoring based on arrival time correction and VFOM,2024,Measurement Science and Technology,10.1088/1361-6501/ad545d,,,,
m743,POA-optimized VMD-NLM: A hybrid framework for microseismic signal denoising,2026,Measurement,10.1016/j.measurement.2026.121773,,,,
m1457,Statistical Characterization of Acoustic Signals Using 1D Wavelet Transforms with Applications in Acoustical Oceanography,2018,Journal of Theoretical and Computational Acoustics,10.1142/s2591728518500470,,,,
m1202,Identifying induced seismicity in Oklahoma with certain statistical significance,2019,,,,,,
m70,Non-parametric Bayesian dictionary learning for surface microseismic data denoising,2018,"International Geophysical Conference, Beijing, China, 24-27 April 2018",10.1190/igc2018-116,,,,
m322,Automatic Picking of Distributed Fiber Microseismic Events Based on Deep Learning,2023,,10.3997/2214-4609.202376039,,,,
m177,Application of residual learning to microseismic random noise attenuation,2021,Acta Geophysica,10.1007/s11600-021-00591-9,,,,
m1231,Induced seismicity in the Dallas-Fort Worth Basin: Enhanced seismic catalogue and evaluation of fault slip potential,2020,,10.1190/segam2020-3428222.1,,,,
m296,Roof fall threat analysis using fractal pattern recognition and neural network over mine microseismicity in a Central Indian longwall panel overlain by massive sandstone roof,2022,Geosystems and Geoenvironment,10.1016/j.geogeo.2022.100138,,,,
m1028,Evaluating the effects of velocity models and array configuration on induced seismic event locations in the Permian Basin,2023,Geophysics,10.1190/geo2023-0238.1,,,,
m1207,Enhancing microearthquake detection through non-linear filtering,2018,EGUGA,,,,,
m1277,BOTDA system using artificial neural network,2017,,10.1109/oecc.2017.8114764,,,,
m830,Strength of ensemble learning in multiclass classification of rockburst intensity,2020,International Journal for Numerical and Analytical Methods in Geomechanics,10.1002/nag.3111,,,,
m421,DAS Microseismic Data Denoising Using Dual Domain Generative Adversarial Networks with Attention Mechanism,2024,,10.3997/2214-4609.202478024,,,,
m500,"Unsupervised Learning for Detecting Induced Seismicity: A Case Study in the Fox Creek Area, Alberta",2024,SSRN Electronic Journal,10.2139/ssrn.5007698,,,,
m1039,An Automated Approach for Mapping Mining-Induced Fissures Using CNNs and UAS Photogrammetry,2024,Remote Sensing,10.3390/rs16122090,,,,
m1014,Effects of a Three-Dimensional Velocity Structure on the Locations of Coal Mining-Induced Seismicity,2016,50th U.S. Rock Mechanics/Geomechanics Symposium,,,,,
m479,Real-time rockburst assessment based on a novel hybrid convolutional long short-term memory network based on microseismic monitoring data,2024,Engineering Failure Analysis,10.1016/j.engfailanal.2024.109191,,,,
m194,First-Arrival Picking for Microseismic Monitoring Based on Deep Learning,2021,International Journal of Geophysics,10.1155/2021/5548346,,,,
m345,Integrated Optimization System Improves Hydraulic Fracturing Operations,2023,Journal of Petroleum Technology,10.2118/0623-0074-jpt,,,,
m721,Machine Learning–Based Inversion of Natural Fracture Properties from Microseismic Data during Hydraulic Fracturing,2026,,10.56952/arma-2026-0304,,,,
m1241,Automated monitoring and geometric quantification of mining-induced ground fissures via UAV imagery based on MDE-UNet,2026,Scientific Reports,10.1038/s41598-026-69793-9,,,,
m673,DB-MS-CAN: A robust deep learning framework for microseismic velocity inversion via Dual-Branch Attention and Multi-Scale Feature Aggregation,2026,Journal of seismic exploration,10.36922/jse025480121,,,,
m793,WTTnet: a network combining wavelet transform and transformer for denoising microseismic signal,2026,Frontiers in Earth Science,10.3389/feart.2026.1790572,,,,
m1294,Rapid earthquake magnitude classification via P-wave strains from borehole strainmeters and Distributed Acoustic Sensing,2026,Nature Communications,10.1038/s41467-026-72223-z,,,,
m160,Traveltime-table compression using artificial neural networks for Kirchhoff-migration processing of microseismic data,2020,Geophysics,10.1190/geo2019-0427.1,,,,
m318,"Automated classification of seismic signals recorded on the Åknes rock slope, Western Norway, using a convolutional neural network",2023,Earth Surface Dynamics,10.5194/esurf-11-89-2023,,,,
m592,Microseismic Source Inversion Based on Neural Operator with Physics Constrain,2025,,10.3997/2214-4609.202510326,,,,
m1161,"Integrated spatial–spectral classification of natural and shale-gas-induced earthquakes in Chongqing, Southwest China",2026,Discover Hazards,10.1007/s44475-026-00025-4,,,,
m684,DoubleF: A Fast and Flexible Phase Association and Earthquake Location Method Using Adaptive Sobol Sampling,2026,Seismological Research Letters,10.1785/0220250430,,,,
m246,Analysis of micro-seismicity in sea ice with deep learning and Bayesian inference: application to high-resolution thickness monitoring,2022,,10.5194/tc-2022-212,,,,
m848,"Developing intelligent classification models for rock burst prediction after recognizing significant predictor variables, Section 1: Literature review and data preprocessing procedure",2018,Tunnelling and Underground Space Technology,10.1016/j.tust.2018.09.022,,,,
m545,Deep Learning-Driven Inversion of Natural Fractures from Fiber Optic Data in Hydraulic Fracturing,2025,SPE Annual Technical Conference and Exhibition,10.2118/228096-ms,,,,
m1426,Model Interpretability and Intensity Prediction of Rockbursts Using a Method Innovation Based on the QGHSCSO-CatBoost Algorithm,2025,Rock Mechanics and Rock Engineering,10.1007/s00603-025-04958-y,,,,
m100,Seismic networks layout optimization for a high-resolution monitoring of induced micro-seismicity,2019,Journal of Seismology,10.1007/s10950-019-09880-9,,,,
m1064,Propagation of Velocity Uncertainties to Microseismic Locations Using a Competitive Particle Swarm Optimizer,2017,Proceedings,10.3997/2214-4609.201701259,,,,
m361,Microseismic Events Recognition via Joint Deep Clustering With Residual Shrinkage Dense Network,2023,IEEE Transactions on Geoscience and Remote Sensing,10.1109/tgrs.2023.3314149,,,,
m444,High-Precision Microseismic Source Localization Using a Fusion Network Combining Convolutional Neural Network and Transformer,2024,Surveys in Geophysics,10.1007/s10712-024-09846-8,,,,
m1209,Research on the identification of electromagnetic radiation and acoustic emission precursor signals of rock burst,2025,,10.1109/iscait64916.2025.11010793,,,,
m1101,Improved algorithm for detecting pulses in geoacoustic emission signals recorded by a combined receiver in Kamchatka,2023,AIP conference proceedings,10.1063/5.0175290,,,,
m330,Deep learning based microearthquake location prediction at Newberry EGS using physics-informed synthetic dataset,2023,,10.1190/image2023-3910882.1,,,,
m1091,On Using a Microearthquake Recognition System for an Early Warning System at Cotopaxi Volcano,2023,Communications in computer and information science,10.1007/978-3-031-45611-4_8,,,,
m1239,Improved detection of induced seismicity using beamforming techniques: application to traffic light systems,2016,EGUGA,,,,,
m155,Supervised Machine Learning Application forEvent Detection in Induced Microseismic Data.,2020,,10.2172/1833166,,,,
m1000,"An Enhanced Focal Mechanism Catalog of Induced Earthquakes in Weiyuan, Sichuan, from Dense Array Data and a Multitask Deep Learning Model",2025,The Seismic Record,10.1785/0320250004,,,,
m289,Modern capabilities of the Karelian Regional Seismic Network in recording of blasting-induced seismicity in Karelia,2022,Горный информационно-аналитический бюллетень (научно-технический журнал),10.25018/0236_1493_2022_9_0_74,,,,
m931,Thousands of Induced Earthquakes per Month in West Texas Detected Using EQCCT,2024,Geosciences,10.3390/geosciences14050114,,,,
m563,Forecasting induced seismicity in enhanced geothermal systems using machine learning: challenges and opportunities,2025,Geophysical Journal International,10.1093/gji/ggaf155,,,,
m565,High-Precision Coal Mine Microseismic P-Wave Arrival Picking via Physics-Constrained Deep Learning,2025,Sensors,10.3390/s25237103,,,,
m849,Automatic microseismic signal classification for mining safety monitoring using the WaveNet classifier,2023,Geophysical Prospecting,10.1111/1365-2478.13398,,,,
m1169,Pick vs Waveform based detection methods for induced seismicity monitoring,2017,,10.13140/rg.2.2.31425.45921,,,,
m29,A Modern Method to Improve of Detecting and Categorizing Mechanism for Micro Seismic Events Data Using Boost Learning System,2017,Preprints.org,10.20944/preprints201708.0072.v1,,,,
m1072,"Mining-Induced Land Subsidence Detected by Persistent Scatterer InSAR: Case Study in Pniówek Coal Mine, Silesian Voivodeship, Poland",2023,Environmental science and engineering,10.1007/978-3-031-20463-0_2,,,,
m708,Interpretable cross-modal transfer learning for rail fastener failure detection using accelerometers and distributed acoustic sensing,2026,Structural Health Monitoring,10.1177/14759217261432549,,,,
m947,"Three-dimensional VP, VS, and VP/VS imaging based on AI microseismic detection reveals the mechanism of induced earthquakes in the Xiluodu Reservoir Area, China",2024,Journal of Asian Earth Sciences,10.1016/j.jseaes.2024.106123,,,,
m590,Microseismic Noise Mitigation with Machine Learning for Advanced LIGO,2025,arXiv (Cornell University),10.48550/arxiv.2511.19682,,,,
m347,Joint denoising and classification network: Application to microseismic event detection in hydraulic fracturing distributed acoustic sensing monitoring,2023,Geophysics,10.1190/geo2022-0296.1,,,,
m182,Comparison of SVM method for picking up the microseismic events collected by fiber-optic and electronic monitoring system,2021,26th Optoelectronics and Communications Conference,10.1364/oecc.2021.t3f.3,,,,
m1171,Recognition Model for Grouting-Induced Microseismic Signals Considering Data Enhancement and its Application,2023,SSRN Electronic Journal,10.2139/ssrn.4679700,,,,
m859,Waveform-based microseismic location using stochastic optimization algorithms: A parameter tuning workflow,2019,Computers & Geosciences,10.1016/j.cageo.2019.01.002,,,,
m586,Microseismic Event Localization Using Conditional Diffusion Model,2025,,10.3997/2214-4609.202510361,,,,
m356,Microearthquakes in the Mt. Songnisan area Using temporary seismic network data and their implications to the 1978 ML 5.2 earthquake,2023,Journal of the geological society of Korea,10.14770/jgsk.2023.045,,,,
m1153,"Automated realtime detection of mining induced seismicity in the Ruhr coal mining district, Germany, using master waveforms",2016,EGUGA,,,,,
m875,An Automatic Recognition Method of Microseismic Signals Based on S Transformation and Improved Gaussian Mixture Model,2020,Advances in Civil Engineering,10.1155/2020/8825990,,,,
m1013,Comparison of hypocentre locations from the reprocessing of a downhole microseismic dataset,2021,Geophysical Prospecting,10.1111/1365-2478.13175,,,,
m1150,Assessing the monitoring performance using a synthetic microseismic catalogue for hydraulic fracturing,2016,EGUGA,,,,,
m1450,Prediction of Rockburst Hazard in Deep Coal Mining Based on Random Forest,2024,,10.1109/icpics62053.2024.10796301,,,,
m856,Using Improved Edge Detection Method to Detect Mining-Induced Ground Fissures Identified by Unmanned Aerial Vehicle Remote Sensing,2021,Remote Sensing,10.3390/rs13183652,,,,
m250,Automatic Events Recognition in Low SNR Microseismic Signals of Coal Mine Based on Wavelet Scattering Transform and SVM,2022,Energies,10.3390/en15072326,,,,
m1135,Microseismic Event Identification and Localization in Vertical Wells Using Distributed Acoustic Sensing,2026,Applied Sciences,10.3390/app16052234,,,,
m980,Locating microseismic sources based upon L-shaped single-component geophone array: A synthetic study,2020,Journal of Central South University,10.1007/s11771-020-4493-9,,,,
m1175,Multiple Source of Microseismic Signal Classification by Adaptive Short-time Fourier Transform Method,2020,International Journal of Simulation Systems Science & Technology,10.5013/ijssst.a.16.05.12,,,,
m124,EGS Collab Experiment 1: 3D Seismic Velocity Model and Updated Microseismic Catalog Using Transfer-Learning Aided Double-Difference Tomography,2020,OSTI OAI (U.S. Department of Energy Office of Scientific and Technical Information),10.15121/1632061,,,,
m1049,Microseismic source localization in tunnels under seepage conditions: an optimized approach using NFBG sensors and the GWO-SA hybrid algorithm,2025,Tunnelling and Underground Space Technology,10.1016/j.tust.2025.107197,,,,
m1114,SAG-DeepLabV3+: An Enhanced Deep Learning Model for High-Precision Detection of Mining-Induced Ground Fissures from UAV Imagery,2026,Remote Sensing,10.3390/rs18142388,,,,
m1248,Broadband modal phase speed estimation and geoacoustic inversion with sparse Bayesian learning using multi-range data,2025,The Journal of the Acoustical Society of America,10.1121/10.0039256,,,,
m807,Weak signal detection using multiscale morphology in microseismic monitoring,2016,Journal of Applied Geophysics,10.1016/j.jappgeo.2016.07.015,,,,
m626,Self‐Supervised Learning Based Clustering Workflow for Exploring Seismological Data From Dense Networks,2025,Journal of Geophysical Research Machine Learning and Computation,10.1029/2025jh000958,,,,
m88,Fracture Network Mapping Using Integrated Micro-Seismic Events Inverse with Rate-Transient Analysis,2019,International Petroleum Technology Conference,10.2523/iptc-19445-ms,,,,
m903,Fault detection based on microseismic events,2017,Applied Geophysics,10.1007/s11770-017-0631-z,,,,
m653,A self-supervised GNN–Transformer framework for weak microseismic signal identification,2026,Scientific Reports,10.1038/s41598-026-52871-3,,,,
m327,DAS-N2N: machine learning distributed acoustic sensing (DAS) signal denoising without clean data,2023,Geophysical Journal International,10.1093/gji/ggad460,,,,
m25,"Time-lapse seismic tomography using the data of microseismic monitoring network and analysis of mine-induced events, seismic tomography results and technological data in Pyhäsalmi mine, Finland",2016,EGUGA,,,,,
m935,Microseismic Source Location Method and Microseismic Event Source Parameter Characteristic Analysis for Surface Microseismic System,2025,Mining Metallurgy & Exploration,10.1007/s42461-025-01322-0,,,,
m907,Improving microseismic event location accuracy with head wave arrival time: Case study using Marcellus shale,2015,,10.1190/segam2015-5919420.1,,,,
m979,Application of borehole camera technology in the identification of an instantaneous strain-structural-plane slip rockburst,2022,Bulletin of Engineering Geology and the Environment,10.1007/s10064-022-02658-3,,,,
m1038,Utilizing source mechanism and microseismic event location to identify faults in real-time using wireless seismic recording systems – an Eagle Ford case study,2015,First Break,10.3997/1365-2397.33.7.81784,,,,
m570,Intelligent analysis and data analysis of microseismic monitoring of tunnel surrounding rock based on optical fiber MEMS vibration sensor,2025,,10.1117/12.3084194,,,,
m978,"Automatic identification of mining-induced subsidence using deep convolutional networks based on time-series InSAR data: a case study of Huodong mining area in Shanxi Province, China",2023,Bulletin of Engineering Geology and the Environment,10.1007/s10064-023-03111-9,,,,
m883,Simultaneous inversion for microseismic event location and velocity model in Vaca Muerta Formation,2018,Geophysics,10.1190/geo2017-0010.1,,,,
m1314,Monitoring the Propagating Process of Hydraulic Fracture with Fiber Optic Strain and Strain Rate Technology,2024,,10.56952/arma-2024-0396,,,,
m1443,Using Multibeam Backscatter Data to Investigate Sediment‐Acoustic Relationships,2018,Journal of Geophysical Research Oceans,10.1029/2017jc013638,,,,
m1137,Analysis of microseismicity localization uncertainty in deep tunnels,2026,Journal of Rock Mechanics and Geotechnical Engineering,10.1016/j.jrmge.2026.02.027,,,,
m196,GroningenNet: Deep Learning for Low-Magnitude Earthquake Detection on a Multi-Level Sensor Network,2021,Sensors,10.3390/s21238080,,,,
m548,"Deformation on Rainbow Massif, Mid‐Atlantic Ridge, Illuminated With Microearthquakes Detected by Machine Learning",2025,Geophysical Research Letters,10.1029/2024gl111285,,,,
m648,A Microseismic Energy Field Distribution Prediction Method Guided by Geological Structure Priors,2026,Applied Sciences,10.3390/app16157752,,,,
m847,Spatial-temporal Evolution of Injection Induced Earthquakes in Weiyuan Area by Machine-Learning Phase Picker and Waveform Cross-correlation,2021,Earth and Planetary Physics,10.26464/epp2021055,,,,
m446,Identification of the mining accidents by a two-step clustering method for the mining-induced seismicity,2024,Frontiers in Earth Science,10.3389/feart.2024.1348698,,,,
m886,Joint inversion of source location and focal mechanism of microseismicity,2016,Geophysics,10.1190/geo-2015-0272.1,,,,
m713,"Learning from Disturbances, Not Timestamps: A Dynamic Event-Driven Transformer for Rock Burst Forecasting",2026,Processes,10.3390/pr14091413,,,,
m799,Enhancing micro-seismic P-phase arrival picking: EMD-cosine function-based denoising with an application to the AIC picker,2017,Journal of Applied Geophysics,10.1016/j.jappgeo.2017.09.012,,,,
m923,Graph-Based Micro-Seismic Signal Classification with an Optimised Feature Space,2020,,10.1109/igarss39084.2020.9323375,,,,
m265,Deep Learning for Efficient Microseismic Location Using Source Migration‐Based Imaging,2022,Journal of Geophysical Research Solid Earth,10.1029/2021jb022649,,,,
m783,Towards intelligent forecasting of injection-induced seismicity: A global sensitivity analysis guided approach,2026,Smart Underground Engineering,10.1016/j.sue.2026.03.002,,,,
m13,Complementary Surveillance Microseismic and Flowback Data Analysis: An Approach to Evaluate Complex Fracture Networks,2016,SPE Annual Technical Conference and Exhibition,10.2118/181693-ms,,,,
m59,Deep learning applied to induced-seismicity location in the Groningen gas field in the Netherlands,2018,,10.1190/segam2018-2998357.1,,,,
m1494,A Learned Approach to Adaptive Sampling for Seabed Identification with Autonomous Vehicles,2025,,10.1109/oceans58557.2025.11104697,,,,
m1208,A Method of Detecting and Modeling Mining-Induced Deformation Areas in Interferograms,2024,,10.1109/igarss53475.2024.10642640,,,,
m970,Automatic Classification of Microseismic Events With Similar Features and Noise Interference Using RSREL-Stacking,2023,IEEE Transactions on Geoscience and Remote Sensing,10.1109/tgrs.2023.3324506,,,,
m1085,Intelligent identification and quantification method of rockburst behavior characteristics based on vision and 3D laser point cloud technology,2024,Measurement,10.1016/j.measurement.2024.115206,,,,
m205,Machine Learning Based Identification of Microseismic Signals Using Characteristic Parameters,2021,Sensors,10.3390/s21216967,,,,
m1131,Identifying the Effectiveness of Treatment Programs with Microseismicity,2015,,10.15530/urtec-2015-2154714,,,,
